--USER_TB
insert into USER_TB values('hub14', '123', 'hub14@hub.com', 'default.png', '안녕하세요 hub14입니다.', 'N');
insert into USER_TB values('solomon23', '234', 'solomon23@hub.com', 'default.png', '안녕하세요 solomon23입니다.', 'N');
insert into USER_TB values('posco', '3', 'posco@hub.com', 'default.png', '안녕하세요 posco입니다.', 'N');
insert into USER_TB values('haist', '4', 'haist@hub.com', 'default.png', '안녕하세요 haist입니다.', 'N');
insert into USER_TB values('moomin', '5', 'moomin@hub.com', 'default.png', '안녕하세요 moomin입니다.', 'N');
insert into USER_TB values('grape', '6', 'grape@hub.com', 'default.png', '안녕하세요 grape입니다.', 'N');
insert into USER_TB values('java223', '7', 'java@hub.com', 'default.png', '안녕하세요 java입니다.', 'N');
insert into USER_TB values('kiwi31', '8', 'kiwi31@hub.com', 'default.png', '안녕하세요 kiwi31입니다.', 'N');
insert into USER_TB values('skehdhkd', '9', 'skehdhkd@hub.com', 'default.png', '안녕하세요 skehdhkd입니다.', 'N');
insert into USER_TB values('dksemfh', '10', 'dksemfh@hub.com', 'default.png', '안녕하세요 dksemfh입니다.', 'N');
insert into USER_TB values('dlemsms', '11', 'dlemsms@hub.com', 'default.png', '안녕하세요 dlemsms입니다.', 'N');
insert into USER_TB values('tlfvogka', '12', 'tlfvogka@hub.com', 'default.png', '안녕하세요 tlfvogka입니다.', 'N');
insert into USER_TB values('bdosb', '13', 'bdosb@hub.com', 'default.png', '안녕하세요 bdosb입니다.', 'N');
insert into USER_TB values('jalva', '14', 'jalva@hub.com', 'default.png', '안녕하세요 jalva입니다.', 'N');
insert into USER_TB values('idput', '15', 'idput@hub.com', 'default.png', '안녕하세요 idput입니다.', 'N');
insert into USER_TB values('admin', 'admin', '', '', '', 'Y');

-- USERCONN_TB
insert into Userconn_TB values('hub14', '운동');
insert into Userconn_TB values('hub14', '여행');
insert into Userconn_TB values('hub14', '사진');
insert into Userconn_TB values('solomon23', '컴퓨터');
insert into Userconn_TB values('solomon23', '게임');
insert into Userconn_TB values('solomon23', '자바');
insert into Userconn_TB values('posco', '음악');
insert into Userconn_TB values('posco', '축구');
insert into Userconn_TB values('posco', '농구');
insert into Userconn_TB values('haist', '프로그래밍');
insert into Userconn_TB values('haist', 'C언어');
insert into Userconn_TB values('haist', '자바');
insert into Userconn_TB values('moomin', '음악');
insert into Userconn_TB values('moomin', '기타');
insert into Userconn_TB values('moomin', '피아노');
insert into Userconn_TB values('grape', '기타');
insert into Userconn_TB values('grape', '사진');
insert into Userconn_TB values('grape', '여행');
insert into Userconn_TB values('java223', '오케스트라');
insert into Userconn_TB values('java223', '바이올린');
insert into Userconn_TB values('java223', '첼로');
insert into Userconn_TB values('kiwi31', '악기');
insert into Userconn_TB values('kiwi31', '바리스타');
insert into Userconn_TB values('kiwi31', '커피');
insert into Userconn_TB values('skehdhkd', '악기');
insert into Userconn_TB values('skehdhkd', '피아노');
insert into Userconn_TB values('skehdhkd', '재즈');
insert into Userconn_TB values('dksemfh', '작곡');
insert into Userconn_TB values('dksemfh', '작사');
insert into Userconn_TB values('dksemfh', '음악');
insert into Userconn_TB values('dlemsms', '컴퓨터');
insert into Userconn_TB values('dlemsms', '프로그래밍');
insert into Userconn_TB values('dlemsms', '자바');
insert into Userconn_TB values('tlfvogka', '여행');
insert into Userconn_TB values('tlfvogka', '유럽여행');
insert into Userconn_TB values('tlfvogka', '중국여행');
insert into Userconn_TB values('bdosb', '음악');
insert into Userconn_TB values('bdosb', '오케스트라');
insert into Userconn_TB values('bdosb', '작곡');
insert into Userconn_TB values('jalva', '켈리그라피');
insert into Userconn_TB values('jalva', '바리스타');
insert into Userconn_TB values('jalva', '커피');
insert into Userconn_TB values('idput', '피아노');
insert into Userconn_TB values('idput', '음악');
insert into Userconn_TB values('idput', '작곡');

insert into connchain_tb values('여행');
insert into connchain_tb values('운동');
insert into connchain_tb values('사진');
insert into connchain_tb values('컴퓨터');
insert into connchain_tb values('게임');
insert into connchain_tb values('자바');
insert into connchain_tb values('음악');
insert into connchain_tb values('축구');
insert into connchain_tb values('농구');
insert into connchain_tb values('배구');
insert into connchain_tb values('프로그래밍');
insert into connchain_tb values('C언어');
insert into connchain_tb values('기타');
insert into connchain_tb values('피아노');
insert into connchain_tb values('오케스트라');
insert into connchain_tb values('바이올린');
insert into connchain_tb values('첼로');
insert into connchain_tb values('악기');
insert into connchain_tb values('바리스타');
insert into connchain_tb values('커피');
insert into connchain_tb values('유럽여행');
insert into connchain_tb values('중국여행');
insert into connchain_tb values('일본여행');
insert into connchain_tb values('재즈');
insert into connchain_tb values('작곡');
insert into connchain_tb values('작사');
insert into connchain_tb values('켈리그라피');
insert into connchain_tb values('요리');
insert into connchain_tb values('한식');
insert into connchain_tb values('중식');
insert into connchain_tb values('일식');
insert into connchain_tb values('국내여행');
insert into connchain_tb values('마술');
insert into connchain_tb values('창업');
insert into connchain_tb values('자기계발');
insert into connchain_tb values('기부');
insert into connchain_tb values('영어');
insert into connchain_tb values('사교');
insert into connchain_tb values('인터넷방송');
insert into connchain_tb values('포토샵');
insert into connchain_tb values('소설');
insert into connchain_tb values('유람선');

insert into Bucketlist_tb values(bucketlist_seq.nextVal, '한식자격증 따기', '1년안에', 5, 60, '한식 조리 서적 구매', '어떤 서적이 좋을지 추천해주세요', 'N', 'hub14');
insert into Bucketlist_tb values(bucketlist_seq.nextVal, '중식자격증 따기', '2년안에', 4, 40, '중식 조리 서적 구매', '', 'Y', 'hub14');
insert into Bucketlist_tb values(bucketlist_seq.nextVal, '일식자격증 따기', '3년안에', 3, 10, '가능할까?', '', 'Y', 'hub14');
insert into Bucketlist_tb values(bucketlist_seq.nextVal, '유럽여행 하기', '죽기전에', 3, 40, '꼭 가야지', '돈이 없음', 'N', 'hub14');
insert into Bucketlist_tb values(bucketlist_seq.nextVal, '나만의 브랜드 런칭하기', '죽기전에', 5, 0, '구체적인 계획없음', '', 'Y', 'hub14');
insert into Bucketlist_tb values(bucketlist_seq.nextVal, '인생의 멘토 구하기', '10년안에', 2, 3, '가능할까?', '', 'Y', 'hub14');
insert into Bucketlist_tb values(bucketlist_seq.nextVal, '세계일주 하기', '죽기전에', 2, 10, '꼭 가야지', '돈이 없음', 'N', 'hub14');
insert into Bucketlist_tb values(bucketlist_seq.nextVal, '1억 기부하기', '죽기전에', 4, 0, '가능할까?', '', 'Y', 'hub14');
insert into Bucketlist_tb values(bucketlist_seq.nextVal, '프로그래밍 배우기', '3년안에', 5, 36, '학원 등록하기', '학원 추천해주세요', 'N', 'hub14');
insert into Bucketlist_tb values(bucketlist_seq.nextVal, '악기배우기', '1년안에', 3, 10, '', '기타를 배우고 싶어요', 'N', 'hub14');
insert into Bucketlist_tb values(bucketlist_seq.nextVal, '책 100권 읽기', '1년안에', 3, 0, '', '', 'Y', 'hub14');
insert into Bucketlist_tb values(bucketlist_seq.nextVal, '에베레스트등반하기', '죽기전에', 4, 36, '', '어떤걸 준비해야 하는지 알려주세요', 'N', 'hub14');
insert into Bucketlist_tb values(bucketlist_seq.nextVal, '마술배우기', '5년안에', 1, 5, '카드마술', '', 'Y', 'hub14');
insert into Bucketlist_tb values(bucketlist_seq.nextVal, '외국인친구 만들기', '1년안에', 2, 0, '', '', 'Y', 'hub14');
insert into Bucketlist_tb values(bucketlist_seq.nextVal, '개인방송 해보기', '10년안에', 1, 0, '계정 만들기', '', 'Y', 'hub14');
insert into bucketconn_tb values(1, '요리');
insert into bucketconn_tb values(1, '한식');
insert into bucketconn_tb values(2, '요리');
insert into bucketconn_tb values(2, '중식');
insert into bucketconn_tb values(3, '요리');
insert into bucketconn_tb values(3, '일식');
insert into bucketconn_tb values(4, '여행');
insert into bucketconn_tb values(4, '유럽');
insert into bucketconn_tb values(5, '창업');
insert into bucketconn_tb values(6, '자기계발');
insert into bucketconn_tb values(7, '여행');
insert into bucketconn_tb values(8, '기부');
insert into bucketconn_tb values(9, '프로그래밍');
insert into bucketconn_tb values(9, 'C');
insert into bucketconn_tb values(9, '자바');
insert into bucketconn_tb values(10, '악기');
insert into bucketconn_tb values(10, '기타');
insert into bucketconn_tb values(11, '독서');
insert into bucketconn_tb values(12, '등산');
insert into bucketconn_tb values(13, '마술');
insert into bucketconn_tb values(14, '영어');
insert into bucketconn_tb values(14, '사교');
insert into bucketconn_tb values(15, '인터넷방송');

insert into Bucketlist_tb values(bucketlist_seq.nextVal, '사진잘찍기', '2월까지', 1, 60, '1. 카메라 사기 2. 돈모으기', '꿀팁추천해주세요', 'N', 'solomon23');
insert into Bucketlist_tb values(bucketlist_seq.nextVal, '버스킹하기', '2년안에', 3, 40, '기타배우기', '', 'Y', 'solomon23');
insert into Bucketlist_tb values(bucketlist_seq.nextVal, '포토샵고수', '3년안에', 4, 10, '가능할까?', '', 'Y', 'solomon23');
insert into Bucketlist_tb values(bucketlist_seq.nextVal, '중국여행가기', '죽기전에', 2, 40, '꼭 가야지', '가야할 장소 추천해주세요', 'N', 'solomon23');
insert into Bucketlist_tb values(bucketlist_seq.nextVal, '일본여행가기', '죽기전에', 1, 0, '구체적인 계획없음', '', 'Y', 'solomon23');
insert into Bucketlist_tb values(bucketlist_seq.nextVal, '피아노곡 3곡 연주하기', '4년안에', 5, 0, '피아노구매', '', 'Y', 'solomon23');
insert into Bucketlist_tb values(bucketlist_seq.nextVal, '세계일주 하기', '죽기전에', 3, 10, '꼭 가야지', '돈이 없음', 'N', 'solomon23');
insert into Bucketlist_tb values(bucketlist_seq.nextVal, '기부하기', '죽기전에', 2, 0, '어떤곳에 기부할지 정하기', '', 'Y', 'solomon23');
insert into Bucketlist_tb values(bucketlist_seq.nextVal, '창업하기', '20년안에', 1, 0, '사업아이템 구상하기', '', 'Y', 'solomon23');
insert into Bucketlist_tb values(bucketlist_seq.nextVal, '악기배우기', '1년안에', 1, 10, '', '피아노를 배우고 싶어요', 'N', 'solomon23');
insert into Bucketlist_tb values(bucketlist_seq.nextVal, '책 30권 읽기', '6개월안에', 2, 20, '24권 남음', '', 'Y', 'solomon23');
insert into Bucketlist_tb values(bucketlist_seq.nextVal, '유럽여행가기', '1년안에', 3, 10, '', '다녀오신분들 정보 좀 공유해주세요', 'N', 'solomon23');
insert into Bucketlist_tb values(bucketlist_seq.nextVal, '소설쓰기', '5년안에', 3, 5, '', '', 'Y', 'solomon23');
insert into Bucketlist_tb values(bucketlist_seq.nextVal, '작곡/작사 해보기', '10년안에', 4, 0, '', '어떤 공부를 해야하는 지 알려주세요', 'N', 'solomon23');
insert into Bucketlist_tb values(bucketlist_seq.nextVal, '유람선타보기', '10년안에', 5, 0, '', '', 'Y', 'solomon23');
insert into bucketconn_tb values(16, '사진');
insert into bucketconn_tb values(17, '악기');
insert into bucketconn_tb values(17, '기타');
insert into bucketconn_tb values(18, '포토샵');
insert into bucketconn_tb values(19, '여행');
insert into bucketconn_tb values(19, '중국여행');
insert into bucketconn_tb values(20, '여행');
insert into bucketconn_tb values(20, '일본여행');
insert into bucketconn_tb values(21, '자기계발');
insert into bucketconn_tb values(22, '여행');
insert into bucketconn_tb values(23, '기부');
insert into bucketconn_tb values(24, '창업');
insert into bucketconn_tb values(25, '악기');
insert into bucketconn_tb values(25, '피아노');
insert into bucketconn_tb values(26, '독서');
insert into bucketconn_tb values(27, '여행');
insert into bucketconn_tb values(27, '유럽여행');
insert into bucketconn_tb values(28, '소설');
insert into bucketconn_tb values(29, '작곡');
insert into bucketconn_tb values(29, '작사');
insert into bucketconn_tb values(30, '유람선');

insert into Bucketlist_tb values(bucketlist_seq.nextVal, '사진잘찍기', '2월까지', 1, 60, '1. 카메라 사기 2. 돈모으기', '꿀팁추천해주세요', 'N', 'posco');
insert into Bucketlist_tb values(bucketlist_seq.nextVal, '버스킹 하기', '2년안에', 3, 40, '', '', 'Y', 'posco');
insert into Bucketlist_tb values(bucketlist_seq.nextVal, '포토샵 고수', '3년안에', 4, 10, '가능할까?', '', 'Y', 'posco');
insert into Bucketlist_tb values(bucketlist_seq.nextVal, '인생의 멘토 구하기', '10년안에', 2, 3, '가능할까?', '', 'Y', 'posco');
insert into Bucketlist_tb values(bucketlist_seq.nextVal, '세계일주 하기', '죽기전에', 2, 10, '꼭 가야지', '돈이 없음', 'N', 'posco');
insert into Bucketlist_tb values(bucketlist_seq.nextVal, '1억 기부하기', '죽기전에', 4, 0, '가능할까?', '', 'Y', 'posco');
insert into Bucketlist_tb values(bucketlist_seq.nextVal, '프로그래밍 배우기', '3년안에', 5, 36, '학원 등록하기', '학원 추천해주세요', 'N', 'posco');
insert into Bucketlist_tb values(bucketlist_seq.nextVal, '첼로배우기', '1년안에', 3, 10, '', '첼로를 배우고 싶어요', 'N', 'posco');
insert into Bucketlist_tb values(bucketlist_seq.nextVal, '책 100권 읽기', '1년안에', 3, 0, '', '', 'Y', 'posco');
insert into Bucketlist_tb values(bucketlist_seq.nextVal, '에베레스트등반하기', '죽기전에', 4, 36, '', '어떤걸 준비해야 하는지 알려주세요', 'N', 'posco');
insert into Bucketlist_tb values(bucketlist_seq.nextVal, '마술배우기', '5년안에', 1, 5, '카드마술', '', 'Y', 'posco');
insert into Bucketlist_tb values(bucketlist_seq.nextVal, '세계일주 하기', '죽기전에', 3, 10, '꼭 가야지', '돈이 없음', 'N', 'posco');
insert into Bucketlist_tb values(bucketlist_seq.nextVal, '기부하기', '죽기전에', 2, 0, '어떤곳에 기부할지 정하기', '', 'Y', 'posco');
insert into Bucketlist_tb values(bucketlist_seq.nextVal, '창업하기', '20년안에', 1, 0, '사업아이템 구상하기', '', 'Y', 'posco');
insert into Bucketlist_tb values(bucketlist_seq.nextVal, '피아노배우기', '1년안에', 1, 10, '', '피아노를 배우고 싶어요', 'N', 'posco');
insert into bucketconn_tb values(31, '사진');
insert into bucketconn_tb values(32, '악기');
insert into bucketconn_tb values(32, '기타');
insert into bucketconn_tb values(33, '포토샵');
insert into bucketconn_tb values(34, '자기계발');
insert into bucketconn_tb values(35, '여행');
insert into bucketconn_tb values(36, '기부');
insert into bucketconn_tb values(37, '프로그래밍');
insert into bucketconn_tb values(38, '악기');
insert into bucketconn_tb values(38, '첼로');
insert into bucketconn_tb values(39, '독서');
insert into bucketconn_tb values(40, '등산');
insert into bucketconn_tb values(41, '마술');
insert into bucketconn_tb values(42, '여행');
insert into bucketconn_tb values(43, '기부');
insert into bucketconn_tb values(44, '창업');
insert into bucketconn_tb values(45, '악기');
insert into bucketconn_tb values(45, '피아노');

insert into Bucketlist_tb values(bucketlist_seq.nextVal, '사진잘찍기', '2월까지', 1, 60, '1. 카메라 사기 2. 돈모으기', '꿀팁추천해주세요', 'N', 'haist');
insert into Bucketlist_tb values(bucketlist_seq.nextVal, '버스킹 하기', '2년안에', 3, 40, '중식 조리 서적 구매', '', 'Y', 'haist');
insert into Bucketlist_tb values(bucketlist_seq.nextVal, '포토샵 고수', '3년안에', 4, 10, '가능할까?', '', 'Y', 'haist');
insert into Bucketlist_tb values(bucketlist_seq.nextVal, '중국여행가기', '죽기전에', 2, 40, '꼭 가야지', '가야할 장소 추천해주세요', 'N', 'haist');
insert into Bucketlist_tb values(bucketlist_seq.nextVal, '일본여행가기', '죽기전에', 1, 0, '구체적인 계획없음', '', 'Y', 'haist');
insert into Bucketlist_tb values(bucketlist_seq.nextVal, '피아노곡 3곡 연주하기', '4년안에', 5, 0, '피아노구매', '', 'Y', 'haist');
insert into Bucketlist_tb values(bucketlist_seq.nextVal, '세계일주 하기', '죽기전에', 3, 10, '꼭 가야지', '돈이 없음', 'N', 'haist');
insert into Bucketlist_tb values(bucketlist_seq.nextVal, '기부하기', '죽기전에', 2, 0, '어떤곳에 기부할지 정하기', '', 'Y', 'haist');
insert into Bucketlist_tb values(bucketlist_seq.nextVal, '창업하기', '20년안에', 1, 0, '사업아이템 구상하기', '', 'Y', 'haist');
insert into Bucketlist_tb values(bucketlist_seq.nextVal, '악기배우기', '1년안에', 1, 10, '', '피아노를 배우고 싶어요', 'N', 'haist');
insert into Bucketlist_tb values(bucketlist_seq.nextVal, '책 30권 읽기', '6개월안에', 2, 20, '24권 남음', '', 'Y', 'haist');
insert into Bucketlist_tb values(bucketlist_seq.nextVal, '유럽여행가기', '1년안에', 3, 10, '', '다녀오신분들 정보 좀 공유해주세요', 'N', 'haist');
insert into Bucketlist_tb values(bucketlist_seq.nextVal, '소설쓰기', '5년안에', 3, 5, '', '', 'Y', 'haist');
insert into Bucketlist_tb values(bucketlist_seq.nextVal, '작곡/작사 해보기', '10년안에', 4, 0, '', '어떤 공부를 해야하는 지 알려주세요', 'N', 'haist');
insert into Bucketlist_tb values(bucketlist_seq.nextVal, '유람선 타보기', '10년안에', 5, 0, '', '', 'Y', 'haist');
insert into bucketconn_tb values(46, '사진');
insert into bucketconn_tb values(47, '악기');
insert into bucketconn_tb values(47, '기타');
insert into bucketconn_tb values(48, '포토샵');
insert into bucketconn_tb values(49, '여행');
insert into bucketconn_tb values(49, '중국여행');
insert into bucketconn_tb values(50, '여행');
insert into bucketconn_tb values(50, '일본여행');
insert into bucketconn_tb values(51, '자기계발');
insert into bucketconn_tb values(52, '여행');
insert into bucketconn_tb values(53, '기부');
insert into bucketconn_tb values(54, '창업');
insert into bucketconn_tb values(55, '악기');
insert into bucketconn_tb values(55, '피아노');
insert into bucketconn_tb values(56, '독서');
insert into bucketconn_tb values(57, '여행');
insert into bucketconn_tb values(57, '유럽여행');
insert into bucketconn_tb values(58, '소설');
insert into bucketconn_tb values(59, '작곡');
insert into bucketconn_tb values(59, '작사');
insert into bucketconn_tb values(60, '유람선');

insert into Bucketlist_tb values(bucketlist_seq.nextVal, '사진잘찍기', '2월까지', 1, 60, '1. 카메라 사기 2. 돈모으기', '꿀팁추천해주세요', 'N', 'moomin');
insert into Bucketlist_tb values(bucketlist_seq.nextVal, '버스킹 하기', '2년안에', 3, 40, '중식 조리 서적 구매', '', 'Y', 'moomin');
insert into Bucketlist_tb values(bucketlist_seq.nextVal, '포토샵 고수', '3년안에', 4, 10, '가능할까?', '', 'Y', 'moomin');
insert into Bucketlist_tb values(bucketlist_seq.nextVal, '중국여행가기', '죽기전에', 2, 40, '꼭 가야지', '가야할 장소 추천해주세요', 'N', 'moomin');
insert into Bucketlist_tb values(bucketlist_seq.nextVal, '일본여행가기', '죽기전에', 1, 0, '구체적인 계획없음', '', 'Y', 'moomin');
insert into Bucketlist_tb values(bucketlist_seq.nextVal, '피아노곡 3곡 연주하기', '4년안에', 5, 0, '피아노구매', '', 'Y', 'moomin');
insert into Bucketlist_tb values(bucketlist_seq.nextVal, '세계일주 하기', '죽기전에', 3, 10, '꼭 가야지', '돈이 없음', 'N', 'moomin');
insert into Bucketlist_tb values(bucketlist_seq.nextVal, '기부하기', '죽기전에', 2, 0, '어떤곳에 기부할지 정하기', '', 'Y', 'moomin');
insert into Bucketlist_tb values(bucketlist_seq.nextVal, '창업하기', '20년안에', 1, 0, '사업아이템 구상하기', '', 'Y', 'moomin');
insert into Bucketlist_tb values(bucketlist_seq.nextVal, '악기배우기', '1년안에', 1, 10, '', '피아노를 배우고 싶어요', 'N', 'moomin');
insert into Bucketlist_tb values(bucketlist_seq.nextVal, '책 30권 읽기', '6개월안에', 2, 20, '24권 남음', '', 'Y', 'moomin');
insert into Bucketlist_tb values(bucketlist_seq.nextVal, '유럽여행가기', '1년안에', 3, 10, '', '다녀오신분들 정보 좀 공유해주세요', 'N', 'moomin');
insert into Bucketlist_tb values(bucketlist_seq.nextVal, '소설쓰기', '5년안에', 3, 5, '', '', 'Y', 'moomin');
insert into Bucketlist_tb values(bucketlist_seq.nextVal, '작곡/작사 해보기', '10년안에', 4, 0, '', '어떤 공부를 해야하는 지 알려주세요', 'N', 'moomin');
insert into Bucketlist_tb values(bucketlist_seq.nextVal, '유람선 타보기', '10년안에', 5, 0, '계정 만들기', '', 'Y', 'moomin');
insert into bucketconn_tb values(61, '사진');
insert into bucketconn_tb values(62, '악기');
insert into bucketconn_tb values(62, '기타');
insert into bucketconn_tb values(63, '포토샵');
insert into bucketconn_tb values(64, '여행');
insert into bucketconn_tb values(64, '중국여행');
insert into bucketconn_tb values(65, '여행');
insert into bucketconn_tb values(65, '일본여행');
insert into bucketconn_tb values(66, '자기계발');
insert into bucketconn_tb values(67, '여행');
insert into bucketconn_tb values(68, '기부');
insert into bucketconn_tb values(69, '창업');
insert into bucketconn_tb values(70, '악기');
insert into bucketconn_tb values(70, '피아노');
insert into bucketconn_tb values(71, '독서');
insert into bucketconn_tb values(72, '여행');
insert into bucketconn_tb values(72, '유럽여행');
insert into bucketconn_tb values(73, '소설');
insert into bucketconn_tb values(74, '작곡');
insert into bucketconn_tb values(74, '작사');
insert into bucketconn_tb values(75, '유람선');

insert into Bucketlist_tb values(bucketlist_seq.nextVal, '사진잘찍기', '2월까지', 1, 60, '1. 카메라 사기 2. 돈모으기', '꿀팁추천해주세요', 'N', 'grape');
insert into Bucketlist_tb values(bucketlist_seq.nextVal, '버스킹 하기', '2년안에', 3, 40, '중식 조리 서적 구매', '', 'Y', 'grape');
insert into Bucketlist_tb values(bucketlist_seq.nextVal, '포토샵 고수', '3년안에', 4, 10, '가능할까?', '', 'Y', 'grape');
insert into Bucketlist_tb values(bucketlist_seq.nextVal, '중국여행가기', '죽기전에', 2, 40, '꼭 가야지', '가야할 장소 추천해주세요', 'N', 'grape');
insert into Bucketlist_tb values(bucketlist_seq.nextVal, '일본여행가기', '죽기전에', 1, 0, '구체적인 계획없음', '', 'Y', 'grape');
insert into Bucketlist_tb values(bucketlist_seq.nextVal, '피아노곡 3곡 연주하기', '4년안에', 5, 0, '피아노구매', '', 'Y', 'grape');
insert into Bucketlist_tb values(bucketlist_seq.nextVal, '세계일주 하기', '죽기전에', 3, 10, '꼭 가야지', '돈이 없음', 'N', 'grape');
insert into Bucketlist_tb values(bucketlist_seq.nextVal, '기부하기', '죽기전에', 2, 0, '어떤곳에 기부할지 정하기', '', 'Y', 'grape');
insert into Bucketlist_tb values(bucketlist_seq.nextVal, '창업하기', '20년안에', 1, 0, '사업아이템 구상하기', '', 'Y', 'grape');
insert into Bucketlist_tb values(bucketlist_seq.nextVal, '악기배우기', '1년안에', 1, 10, '', '피아노를 배우고 싶어요', 'N', 'grape');
insert into Bucketlist_tb values(bucketlist_seq.nextVal, '책 30권 읽기', '6개월안에', 2, 20, '24권 남음', '', 'Y', 'grape');
insert into Bucketlist_tb values(bucketlist_seq.nextVal, '유럽여행가기', '1년안에', 3, 10, '', '다녀오신분들 정보 좀 공유해주세요', 'N', 'grape');
insert into Bucketlist_tb values(bucketlist_seq.nextVal, '소설쓰기', '5년안에', 3, 5, '', '', 'Y', 'grape');
insert into Bucketlist_tb values(bucketlist_seq.nextVal, '작곡/작사 해보기', '10년안에', 4, 0, '', '어떤 공부를 해야하는 지 알려주세요', 'N', 'grape');
insert into Bucketlist_tb values(bucketlist_seq.nextVal, '유람선 타보기', '10년안에', 5, 0, '계정 만들기', '', 'Y', 'grape');
insert into bucketconn_tb values(76, '사진');
insert into bucketconn_tb values(77, '악기');
insert into bucketconn_tb values(77, '기타');
insert into bucketconn_tb values(78, '포토샵');
insert into bucketconn_tb values(79, '여행');
insert into bucketconn_tb values(79, '중국여행');
insert into bucketconn_tb values(80, '여행');
insert into bucketconn_tb values(80, '일본여행');
insert into bucketconn_tb values(81, '자기계발');
insert into bucketconn_tb values(82, '여행');
insert into bucketconn_tb values(83, '기부');
insert into bucketconn_tb values(84, '창업');
insert into bucketconn_tb values(85, '악기');
insert into bucketconn_tb values(85, '피아노');
insert into bucketconn_tb values(86, '독서');
insert into bucketconn_tb values(87, '여행');
insert into bucketconn_tb values(87, '유럽여행');
insert into bucketconn_tb values(88, '소설');
insert into bucketconn_tb values(89, '작곡');
insert into bucketconn_tb values(89, '작사');
insert into bucketconn_tb values(90, '유람선');

insert into Bucketlist_tb values(bucketlist_seq.nextVal, '사진잘찍기', '2월까지', 1, 60, '1. 카메라 사기 2. 돈모으기', '꿀팁추천해주세요', 'N', 'java223');
insert into Bucketlist_tb values(bucketlist_seq.nextVal, '버스킹 하기', '2년안에', 3, 40, '중식 조리 서적 구매', '', 'Y', 'java223');
insert into Bucketlist_tb values(bucketlist_seq.nextVal, '포토샵 고수', '3년안에', 4, 10, '가능할까?', '', 'Y', 'java223');
insert into Bucketlist_tb values(bucketlist_seq.nextVal, '중국여행가기', '죽기전에', 2, 40, '꼭 가야지', '가야할 장소 추천해주세요', 'N', 'java223');
insert into Bucketlist_tb values(bucketlist_seq.nextVal, '일본여행가기', '죽기전에', 1, 0, '구체적인 계획없음', '', 'Y', 'java223');
insert into Bucketlist_tb values(bucketlist_seq.nextVal, '피아노곡 3곡 연주하기', '4년안에', 5, 0, '피아노구매', '', 'Y', 'java223');
insert into Bucketlist_tb values(bucketlist_seq.nextVal, '세계일주 하기', '죽기전에', 3, 10, '꼭 가야지', '돈이 없음', 'N', 'java223');
insert into Bucketlist_tb values(bucketlist_seq.nextVal, '기부하기', '죽기전에', 2, 0, '어떤곳에 기부할지 정하기', '', 'Y', 'java223');
insert into Bucketlist_tb values(bucketlist_seq.nextVal, '창업하기', '20년안에', 1, 0, '사업아이템 구상하기', '', 'Y', 'java223');
insert into Bucketlist_tb values(bucketlist_seq.nextVal, '악기배우기', '1년안에', 1, 10, '', '피아노를 배우고 싶어요', 'N', 'java223');
insert into Bucketlist_tb values(bucketlist_seq.nextVal, '책 30권 읽기', '6개월안에', 2, 20, '24권 남음', '', 'Y', 'java223');
insert into Bucketlist_tb values(bucketlist_seq.nextVal, '유럽여행가기', '1년안에', 3, 10, '', '다녀오신분들 정보 좀 공유해주세요', 'N', 'java223');
insert into Bucketlist_tb values(bucketlist_seq.nextVal, '소설쓰기', '5년안에', 3, 5, '', '', 'Y', 'java223');
insert into Bucketlist_tb values(bucketlist_seq.nextVal, '작곡/작사 해보기', '10년안에', 4, 0, '', '어떤 공부를 해야하는 지 알려주세요', 'N', 'java223');
insert into Bucketlist_tb values(bucketlist_seq.nextVal, '유람선 타보기', '10년안에', 5, 0, '계정 만들기', '', 'Y', 'java223');
insert into bucketconn_tb values(91, '사진');
insert into bucketconn_tb values(92, '악기');
insert into bucketconn_tb values(92, '기타');
insert into bucketconn_tb values(93, '포토샵');
insert into bucketconn_tb values(94, '여행');
insert into bucketconn_tb values(94, '중국여행');
insert into bucketconn_tb values(95, '여행');
insert into bucketconn_tb values(95, '일본여행');
insert into bucketconn_tb values(96, '자기계발');
insert into bucketconn_tb values(97, '여행');
insert into bucketconn_tb values(98, '기부');
insert into bucketconn_tb values(99, '창업');
insert into bucketconn_tb values(100, '악기');
insert into bucketconn_tb values(100, '피아노');
insert into bucketconn_tb values(101, '독서');
insert into bucketconn_tb values(102, '여행');
insert into bucketconn_tb values(102, '유럽여행');
insert into bucketconn_tb values(103, '소설');
insert into bucketconn_tb values(104, '작곡');
insert into bucketconn_tb values(104, '작사');
insert into bucketconn_tb values(105, '유람선');

insert into Bucketlist_tb values(bucketlist_seq.nextVal, '사진잘찍기', '2월까지', 1, 60, '1. 카메라 사기 2. 돈모으기', '꿀팁추천해주세요', 'N', 'kiwi31');
insert into Bucketlist_tb values(bucketlist_seq.nextVal, '버스킹 하기', '2년안에', 3, 40, '중식 조리 서적 구매', '', 'Y', 'kiwi31');
insert into Bucketlist_tb values(bucketlist_seq.nextVal, '포토샵 고수', '3년안에', 4, 10, '가능할까?', '', 'Y', 'kiwi31');
insert into Bucketlist_tb values(bucketlist_seq.nextVal, '중국여행가기', '죽기전에', 2, 40, '꼭 가야지', '가야할 장소 추천해주세요', 'N', 'kiwi31');
insert into Bucketlist_tb values(bucketlist_seq.nextVal, '일본여행가기', '죽기전에', 1, 0, '구체적인 계획없음', '', 'Y', 'kiwi31');
insert into Bucketlist_tb values(bucketlist_seq.nextVal, '피아노곡 3곡 연주하기', '4년안에', 5, 0, '피아노구매', '', 'Y', 'kiwi31');
insert into Bucketlist_tb values(bucketlist_seq.nextVal, '세계일주 하기', '죽기전에', 3, 10, '꼭 가야지', '돈이 없음', 'N', 'kiwi31');
insert into Bucketlist_tb values(bucketlist_seq.nextVal, '기부하기', '죽기전에', 2, 0, '어떤곳에 기부할지 정하기', '', 'Y', 'kiwi31');
insert into Bucketlist_tb values(bucketlist_seq.nextVal, '창업하기', '20년안에', 1, 0, '사업아이템 구상하기', '', 'Y', 'kiwi31');
insert into Bucketlist_tb values(bucketlist_seq.nextVal, '악기배우기', '1년안에', 1, 10, '', '피아노를 배우고 싶어요', 'N', 'kiwi31');
insert into Bucketlist_tb values(bucketlist_seq.nextVal, '책 30권 읽기', '6개월안에', 2, 20, '24권 남음', '', 'Y', 'kiwi31');
insert into Bucketlist_tb values(bucketlist_seq.nextVal, '유럽여행가기', '1년안에', 3, 10, '', '다녀오신분들 정보 좀 공유해주세요', 'N', 'kiwi31');
insert into Bucketlist_tb values(bucketlist_seq.nextVal, '소설쓰기', '5년안에', 3, 5, '', '', 'Y', 'kiwi31');
insert into Bucketlist_tb values(bucketlist_seq.nextVal, '작곡/작사 해보기', '10년안에', 4, 0, '', '어떤 공부를 해야하는 지 알려주세요', 'N', 'kiwi31');
insert into Bucketlist_tb values(bucketlist_seq.nextVal, '유람선 타보기', '10년안에', 5, 0, '계정 만들기', '', 'Y', 'kiwi31');
insert into bucketconn_tb values(106, '사진');
insert into bucketconn_tb values(107, '악기');
insert into bucketconn_tb values(107, '기타');
insert into bucketconn_tb values(108, '포토샵');
insert into bucketconn_tb values(109, '여행');
insert into bucketconn_tb values(108, '중국여행');
insert into bucketconn_tb values(110, '여행');
insert into bucketconn_tb values(110, '일본여행');
insert into bucketconn_tb values(111, '자기계발');
insert into bucketconn_tb values(112, '여행');
insert into bucketconn_tb values(113, '기부');
insert into bucketconn_tb values(114, '창업');
insert into bucketconn_tb values(115, '악기');
insert into bucketconn_tb values(115, '피아노');
insert into bucketconn_tb values(116, '독서');
insert into bucketconn_tb values(117, '여행');
insert into bucketconn_tb values(117, '유럽여행');
insert into bucketconn_tb values(118, '소설');
insert into bucketconn_tb values(119, '작곡');
insert into bucketconn_tb values(119, '작사');
insert into bucketconn_tb values(120, '유람선');

insert into Bucketlist_tb values(bucketlist_seq.nextVal, '사진잘찍기', '2월까지', 1, 60, '1. 카메라 사기 2. 돈모으기', '꿀팁추천해주세요', 'N', 'skehdhkd');
insert into Bucketlist_tb values(bucketlist_seq.nextVal, '버스킹 하기', '2년안에', 3, 40, '중식 조리 서적 구매', '', 'Y', 'skehdhkd');
insert into Bucketlist_tb values(bucketlist_seq.nextVal, '포토샵 고수', '3년안에', 4, 10, '가능할까?', '', 'Y', 'skehdhkd');
insert into Bucketlist_tb values(bucketlist_seq.nextVal, '중국여행가기', '죽기전에', 2, 40, '꼭 가야지', '가야할 장소 추천해주세요', 'N', 'skehdhkd');
insert into Bucketlist_tb values(bucketlist_seq.nextVal, '일본여행가기', '죽기전에', 1, 0, '구체적인 계획없음', '', 'Y', 'skehdhkd');
insert into Bucketlist_tb values(bucketlist_seq.nextVal, '피아노곡 3곡 연주하기', '4년안에', 5, 0, '피아노구매', '', 'Y', 'skehdhkd');
insert into Bucketlist_tb values(bucketlist_seq.nextVal, '세계일주 하기', '죽기전에', 3, 10, '꼭 가야지', '돈이 없음', 'N', 'skehdhkd');
insert into Bucketlist_tb values(bucketlist_seq.nextVal, '기부하기', '죽기전에', 2, 0, '어떤곳에 기부할지 정하기', '', 'Y', 'skehdhkd');
insert into Bucketlist_tb values(bucketlist_seq.nextVal, '창업하기', '20년안에', 1, 0, '사업아이템 구상하기', '', 'Y', 'skehdhkd');
insert into Bucketlist_tb values(bucketlist_seq.nextVal, '악기배우기', '1년안에', 1, 10, '', '피아노를 배우고 싶어요', 'N', 'skehdhkd');
insert into Bucketlist_tb values(bucketlist_seq.nextVal, '책 30권 읽기', '6개월안에', 2, 20, '24권 남음', '', 'Y', 'skehdhkd');
insert into Bucketlist_tb values(bucketlist_seq.nextVal, '유럽여행가기', '1년안에', 3, 10, '', '다녀오신분들 정보 좀 공유해주세요', 'N', 'skehdhkd');
insert into Bucketlist_tb values(bucketlist_seq.nextVal, '소설쓰기', '5년안에', 3, 5, '', '', 'Y', 'skehdhkd');
insert into Bucketlist_tb values(bucketlist_seq.nextVal, '작곡/작사 해보기', '10년안에', 4, 0, '', '어떤 공부를 해야하는 지 알려주세요', 'N', 'skehdhkd');
insert into Bucketlist_tb values(bucketlist_seq.nextVal, '유람선 타보기', '10년안에', 5, 0, '계정 만들기', '', 'Y', 'skehdhkd');
insert into bucketconn_tb values(121, '사진');
insert into bucketconn_tb values(122, '악기');
insert into bucketconn_tb values(122, '기타');
insert into bucketconn_tb values(123, '포토샵');
insert into bucketconn_tb values(124, '여행');
insert into bucketconn_tb values(124, '중국여행');
insert into bucketconn_tb values(125, '여행');
insert into bucketconn_tb values(125, '일본여행');
insert into bucketconn_tb values(126, '자기계발');
insert into bucketconn_tb values(127, '여행');
insert into bucketconn_tb values(128, '기부');
insert into bucketconn_tb values(129, '창업');
insert into bucketconn_tb values(130, '악기');
insert into bucketconn_tb values(130, '피아노');
insert into bucketconn_tb values(131, '독서');
insert into bucketconn_tb values(132, '여행');
insert into bucketconn_tb values(132, '유럽여행');
insert into bucketconn_tb values(133, '소설');
insert into bucketconn_tb values(134, '작곡');
insert into bucketconn_tb values(134, '작사');
insert into bucketconn_tb values(135, '유람선');

insert into Bucketlist_tb values(bucketlist_seq.nextVal, '사진잘찍기', '2월까지', 1, 60, '1. 카메라 사기 2. 돈모으기', '꿀팁추천해주세요', 'N', 'dksemfh');
insert into Bucketlist_tb values(bucketlist_seq.nextVal, '버스킹 하기', '2년안에', 3, 40, '중식 조리 서적 구매', '', 'Y', 'dksemfh');
insert into Bucketlist_tb values(bucketlist_seq.nextVal, '포토샵 고수', '3년안에', 4, 10, '가능할까?', '', 'Y', 'dksemfh');
insert into Bucketlist_tb values(bucketlist_seq.nextVal, '중국여행가기', '죽기전에', 2, 40, '꼭 가야지', '가야할 장소 추천해주세요', 'N', 'dksemfh');
insert into Bucketlist_tb values(bucketlist_seq.nextVal, '일본여행가기', '죽기전에', 1, 0, '구체적인 계획없음', '', 'Y', 'dksemfh');
insert into Bucketlist_tb values(bucketlist_seq.nextVal, '피아노곡 3곡 연주하기', '4년안에', 5, 0, '피아노구매', '', 'Y', 'dksemfh');
insert into Bucketlist_tb values(bucketlist_seq.nextVal, '세계일주 하기', '죽기전에', 3, 10, '꼭 가야지', '돈이 없음', 'N', 'dksemfh');
insert into Bucketlist_tb values(bucketlist_seq.nextVal, '기부하기', '죽기전에', 2, 0, '어떤곳에 기부할지 정하기', '', 'Y', 'dksemfh');
insert into Bucketlist_tb values(bucketlist_seq.nextVal, '창업하기', '20년안에', 1, 0, '사업아이템 구상하기', '', 'Y', 'dksemfh');
insert into Bucketlist_tb values(bucketlist_seq.nextVal, '악기배우기', '1년안에', 1, 10, '', '피아노를 배우고 싶어요', 'N', 'dksemfh');
insert into Bucketlist_tb values(bucketlist_seq.nextVal, '책 30권 읽기', '6개월안에', 2, 20, '24권 남음', '', 'Y', 'dksemfh');
insert into Bucketlist_tb values(bucketlist_seq.nextVal, '유럽여행가기', '1년안에', 3, 10, '', '다녀오신분들 정보 좀 공유해주세요', 'N', 'dksemfh');
insert into Bucketlist_tb values(bucketlist_seq.nextVal, '소설쓰기', '5년안에', 3, 5, '', '', 'Y', 'dksemfh');
insert into Bucketlist_tb values(bucketlist_seq.nextVal, '작곡/작사 해보기', '10년안에', 4, 0, '', '어떤 공부를 해야하는 지 알려주세요', 'N', 'dksemfh');
insert into Bucketlist_tb values(bucketlist_seq.nextVal, '유람선 타보기', '10년안에', 5, 0, '계정 만들기', '', 'Y', 'dksemfh');
insert into bucketconn_tb values(136, '사진');
insert into bucketconn_tb values(137, '악기');
insert into bucketconn_tb values(137, '기타');
insert into bucketconn_tb values(138, '포토샵');
insert into bucketconn_tb values(139, '여행');
insert into bucketconn_tb values(139, '중국여행');
insert into bucketconn_tb values(140, '여행');
insert into bucketconn_tb values(140, '일본여행');
insert into bucketconn_tb values(141, '자기계발');
insert into bucketconn_tb values(142, '여행');
insert into bucketconn_tb values(143, '기부');
insert into bucketconn_tb values(144, '창업');
insert into bucketconn_tb values(145, '악기');
insert into bucketconn_tb values(145, '피아노');
insert into bucketconn_tb values(146, '독서');
insert into bucketconn_tb values(147, '여행');
insert into bucketconn_tb values(147, '유럽여행');
insert into bucketconn_tb values(148, '소설');
insert into bucketconn_tb values(149, '작곡');
insert into bucketconn_tb values(149, '작사');
insert into bucketconn_tb values(150, '유람선');

insert into Bucketlist_tb values(bucketlist_seq.nextVal, '사진잘찍기', '2월까지', 1, 60, '1. 카메라 사기 2. 돈모으기', '꿀팁추천해주세요', 'N', 'dlemsms');
insert into Bucketlist_tb values(bucketlist_seq.nextVal, '버스킹 하기', '2년안에', 3, 40, '중식 조리 서적 구매', '', 'Y', 'dlemsms');
insert into Bucketlist_tb values(bucketlist_seq.nextVal, '포토샵 고수', '3년안에', 4, 10, '가능할까?', '', 'Y', 'dlemsms');
insert into Bucketlist_tb values(bucketlist_seq.nextVal, '중국여행가기', '죽기전에', 2, 40, '꼭 가야지', '가야할 장소 추천해주세요', 'N', 'dlemsms');
insert into Bucketlist_tb values(bucketlist_seq.nextVal, '일본여행가기', '죽기전에', 1, 0, '구체적인 계획없음', '', 'Y', 'dlemsms');
insert into Bucketlist_tb values(bucketlist_seq.nextVal, '피아노곡 3곡 연주하기', '4년안에', 5, 0, '피아노구매', '', 'Y', 'dlemsms');
insert into Bucketlist_tb values(bucketlist_seq.nextVal, '세계일주 하기', '죽기전에', 3, 10, '꼭 가야지', '돈이 없음', 'N', 'dlemsms');
insert into Bucketlist_tb values(bucketlist_seq.nextVal, '기부하기', '죽기전에', 2, 0, '어떤곳에 기부할지 정하기', '', 'Y', 'dlemsms');
insert into Bucketlist_tb values(bucketlist_seq.nextVal, '창업하기', '20년안에', 1, 0, '사업아이템 구상하기', '', 'Y', 'dlemsms');
insert into Bucketlist_tb values(bucketlist_seq.nextVal, '악기배우기', '1년안에', 1, 10, '', '피아노를 배우고 싶어요', 'N', 'dlemsms');
insert into Bucketlist_tb values(bucketlist_seq.nextVal, '책 30권 읽기', '6개월안에', 2, 20, '24권 남음', '', 'Y', 'dlemsms');
insert into Bucketlist_tb values(bucketlist_seq.nextVal, '유럽여행가기', '1년안에', 3, 10, '', '다녀오신분들 정보 좀 공유해주세요', 'N', 'dlemsms');
insert into Bucketlist_tb values(bucketlist_seq.nextVal, '소설쓰기', '5년안에', 3, 5, '', '', 'Y', 'dlemsms');
insert into Bucketlist_tb values(bucketlist_seq.nextVal, '작곡/작사 해보기', '10년안에', 4, 0, '', '어떤 공부를 해야하는 지 알려주세요', 'N', 'dlemsms');
insert into Bucketlist_tb values(bucketlist_seq.nextVal, '유람선 타보기', '10년안에', 5, 0, '계정 만들기', '', 'Y', 'dlemsms');
insert into bucketconn_tb values(151, '사진');
insert into bucketconn_tb values(152, '악기');
insert into bucketconn_tb values(152, '기타');
insert into bucketconn_tb values(153, '포토샵');
insert into bucketconn_tb values(154, '여행');
insert into bucketconn_tb values(154, '중국여행');
insert into bucketconn_tb values(155, '여행');
insert into bucketconn_tb values(155, '일본여행');
insert into bucketconn_tb values(156, '자기계발');
insert into bucketconn_tb values(157, '여행');
insert into bucketconn_tb values(158, '기부');
insert into bucketconn_tb values(159, '창업');
insert into bucketconn_tb values(160, '악기');
insert into bucketconn_tb values(160, '피아노');
insert into bucketconn_tb values(161, '독서');
insert into bucketconn_tb values(162, '여행');
insert into bucketconn_tb values(162, '유럽여행');
insert into bucketconn_tb values(163, '소설');
insert into bucketconn_tb values(164, '작곡');
insert into bucketconn_tb values(164, '작사');
insert into bucketconn_tb values(165, '유람선');

insert into Bucketlist_tb values(bucketlist_seq.nextVal, '사진잘찍기', '2월까지', 1, 60, '1. 카메라 사기 2. 돈모으기', '꿀팁추천해주세요', 'N', 'tlfvogka');
insert into Bucketlist_tb values(bucketlist_seq.nextVal, '버스킹 하기', '2년안에', 3, 40, '중식 조리 서적 구매', '', 'Y', 'tlfvogka');
insert into Bucketlist_tb values(bucketlist_seq.nextVal, '포토샵 고수', '3년안에', 4, 10, '가능할까?', '', 'Y', 'tlfvogka');
insert into Bucketlist_tb values(bucketlist_seq.nextVal, '중국여행가기', '죽기전에', 2, 40, '꼭 가야지', '가야할 장소 추천해주세요', 'N', 'tlfvogka');
insert into Bucketlist_tb values(bucketlist_seq.nextVal, '일본여행가기', '죽기전에', 1, 0, '구체적인 계획없음', '', 'Y', 'tlfvogka');
insert into Bucketlist_tb values(bucketlist_seq.nextVal, '피아노곡 3곡 연주하기', '4년안에', 5, 0, '피아노구매', '', 'Y', 'tlfvogka');
insert into Bucketlist_tb values(bucketlist_seq.nextVal, '세계일주 하기', '죽기전에', 3, 10, '꼭 가야지', '돈이 없음', 'N', 'tlfvogka');
insert into Bucketlist_tb values(bucketlist_seq.nextVal, '기부하기', '죽기전에', 2, 0, '어떤곳에 기부할지 정하기', '', 'Y', 'tlfvogka');
insert into Bucketlist_tb values(bucketlist_seq.nextVal, '창업하기', '20년안에', 1, 0, '사업아이템 구상하기', '', 'Y', 'tlfvogka');
insert into Bucketlist_tb values(bucketlist_seq.nextVal, '악기배우기', '1년안에', 1, 10, '', '피아노를 배우고 싶어요', 'N', 'tlfvogka');
insert into Bucketlist_tb values(bucketlist_seq.nextVal, '책 30권 읽기', '6개월안에', 2, 20, '24권 남음', '', 'Y', 'tlfvogka');
insert into Bucketlist_tb values(bucketlist_seq.nextVal, '유럽여행가기', '1년안에', 3, 10, '', '다녀오신분들 정보 좀 공유해주세요', 'N', 'tlfvogka');
insert into Bucketlist_tb values(bucketlist_seq.nextVal, '소설쓰기', '5년안에', 3, 5, '', '', 'Y', 'tlfvogka');
insert into Bucketlist_tb values(bucketlist_seq.nextVal, '작곡/작사 해보기', '10년안에', 4, 0, '', '어떤 공부를 해야하는 지 알려주세요', 'N', 'tlfvogka');
insert into Bucketlist_tb values(bucketlist_seq.nextVal, '유람선 타보기', '10년안에', 5, 0, '계정 만들기', '', 'Y', 'tlfvogka');
insert into bucketconn_tb values(166, '사진');
insert into bucketconn_tb values(167, '악기');
insert into bucketconn_tb values(167, '기타');
insert into bucketconn_tb values(168, '포토샵');
insert into bucketconn_tb values(169, '여행');
insert into bucketconn_tb values(169, '중국여행');
insert into bucketconn_tb values(170, '여행');
insert into bucketconn_tb values(170, '일본여행');
insert into bucketconn_tb values(171, '자기계발');
insert into bucketconn_tb values(172, '여행');
insert into bucketconn_tb values(173, '기부');
insert into bucketconn_tb values(174, '창업');
insert into bucketconn_tb values(175, '악기');
insert into bucketconn_tb values(175, '피아노');
insert into bucketconn_tb values(176, '독서');
insert into bucketconn_tb values(177, '여행');
insert into bucketconn_tb values(177, '유럽여행');
insert into bucketconn_tb values(178, '소설');
insert into bucketconn_tb values(179, '작곡');
insert into bucketconn_tb values(179, '작사');
insert into bucketconn_tb values(180, '유람선');

insert into Bucketlist_tb values(bucketlist_seq.nextVal, '사진잘찍기', '2월까지', 1, 60, '1. 카메라 사기 2. 돈모으기', '꿀팁추천해주세요', 'N', 'bdosb');
insert into Bucketlist_tb values(bucketlist_seq.nextVal, '버스킹 하기', '2년안에', 3, 40, '중식 조리 서적 구매', '', 'Y', 'bdosb');
insert into Bucketlist_tb values(bucketlist_seq.nextVal, '포토샵 고수', '3년안에', 4, 10, '가능할까?', '', 'Y', 'bdosb');
insert into Bucketlist_tb values(bucketlist_seq.nextVal, '중국여행가기', '죽기전에', 2, 40, '꼭 가야지', '가야할 장소 추천해주세요', 'N', 'bdosb');
insert into Bucketlist_tb values(bucketlist_seq.nextVal, '일본여행가기', '죽기전에', 1, 0, '구체적인 계획없음', '', 'Y', 'bdosb');
insert into Bucketlist_tb values(bucketlist_seq.nextVal, '피아노곡 3곡 연주하기', '4년안에', 5, 0, '피아노구매', '', 'Y', 'bdosb');
insert into Bucketlist_tb values(bucketlist_seq.nextVal, '세계일주 하기', '죽기전에', 3, 10, '꼭 가야지', '돈이 없음', 'N', 'bdosb');
insert into Bucketlist_tb values(bucketlist_seq.nextVal, '기부하기', '죽기전에', 2, 0, '어떤곳에 기부할지 정하기', '', 'Y', 'bdosb');
insert into Bucketlist_tb values(bucketlist_seq.nextVal, '창업하기', '20년안에', 1, 0, '사업아이템 구상하기', '', 'Y', 'bdosb');
insert into Bucketlist_tb values(bucketlist_seq.nextVal, '악기배우기', '1년안에', 1, 10, '', '피아노를 배우고 싶어요', 'N', 'bdosb');
insert into Bucketlist_tb values(bucketlist_seq.nextVal, '책 30권 읽기', '6개월안에', 2, 20, '24권 남음', '', 'Y', 'bdosb');
insert into Bucketlist_tb values(bucketlist_seq.nextVal, '유럽여행가기', '1년안에', 3, 10, '', '다녀오신분들 정보 좀 공유해주세요', 'N', 'bdosb');
insert into Bucketlist_tb values(bucketlist_seq.nextVal, '소설쓰기', '5년안에', 3, 5, '', '', 'Y', 'bdosb');
insert into Bucketlist_tb values(bucketlist_seq.nextVal, '작곡/작사 해보기', '10년안에', 4, 0, '', '어떤 공부를 해야하는 지 알려주세요', 'N', 'bdosb');
insert into Bucketlist_tb values(bucketlist_seq.nextVal, '유람선 타보기', '10년안에', 5, 0, '계정 만들기', '', 'Y', 'bdosb');
insert into bucketconn_tb values(181, '사진');
insert into bucketconn_tb values(182, '악기');
insert into bucketconn_tb values(182, '기타');
insert into bucketconn_tb values(183, '포토샵');
insert into bucketconn_tb values(184, '여행');
insert into bucketconn_tb values(184, '중국여행');
insert into bucketconn_tb values(185, '여행');
insert into bucketconn_tb values(185, '일본여행');
insert into bucketconn_tb values(186, '자기계발');
insert into bucketconn_tb values(187, '여행');
insert into bucketconn_tb values(188, '기부');
insert into bucketconn_tb values(189, '창업');
insert into bucketconn_tb values(190, '악기');
insert into bucketconn_tb values(190, '피아노');
insert into bucketconn_tb values(191, '독서');
insert into bucketconn_tb values(192, '여행');
insert into bucketconn_tb values(192, '유럽여행');
insert into bucketconn_tb values(193, '소설');
insert into bucketconn_tb values(194, '작곡');
insert into bucketconn_tb values(194, '작사');
insert into bucketconn_tb values(195, '유람선');

insert into Bucketlist_tb values(bucketlist_seq.nextVal, '사진잘찍기', '2월까지', 1, 60, '1. 카메라 사기 2. 돈모으기', '꿀팁추천해주세요', 'N', 'jalva');
insert into Bucketlist_tb values(bucketlist_seq.nextVal, '버스킹 하기', '2년안에', 3, 40, '중식 조리 서적 구매', '', 'Y', 'jalva');
insert into Bucketlist_tb values(bucketlist_seq.nextVal, '포토샵 고수', '3년안에', 4, 10, '가능할까?', '', 'Y', 'jalva');
insert into Bucketlist_tb values(bucketlist_seq.nextVal, '중국여행가기', '죽기전에', 2, 40, '꼭 가야지', '가야할 장소 추천해주세요', 'N', 'jalva');
insert into Bucketlist_tb values(bucketlist_seq.nextVal, '일본여행가기', '죽기전에', 1, 0, '구체적인 계획없음', '', 'Y', 'jalva');
insert into Bucketlist_tb values(bucketlist_seq.nextVal, '피아노곡 3곡 연주하기', '4년안에', 5, 0, '피아노구매', '', 'Y', 'jalva');
insert into Bucketlist_tb values(bucketlist_seq.nextVal, '세계일주 하기', '죽기전에', 3, 10, '꼭 가야지', '돈이 없음', 'N', 'jalva');
insert into Bucketlist_tb values(bucketlist_seq.nextVal, '기부하기', '죽기전에', 2, 0, '어떤곳에 기부할지 정하기', '', 'Y', 'jalva');
insert into Bucketlist_tb values(bucketlist_seq.nextVal, '창업하기', '20년안에', 1, 0, '사업아이템 구상하기', '', 'Y', 'jalva');
insert into Bucketlist_tb values(bucketlist_seq.nextVal, '악기배우기', '1년안에', 1, 10, '', '피아노를 배우고 싶어요', 'N', 'jalva');
insert into Bucketlist_tb values(bucketlist_seq.nextVal, '책 30권 읽기', '6개월안에', 2, 20, '24권 남음', '', 'Y', 'jalva');
insert into Bucketlist_tb values(bucketlist_seq.nextVal, '유럽여행가기', '1년안에', 3, 10, '', '다녀오신분들 정보 좀 공유해주세요', 'N', 'jalva');
insert into Bucketlist_tb values(bucketlist_seq.nextVal, '소설쓰기', '5년안에', 3, 5, '', '', 'Y', 'jalva');
insert into Bucketlist_tb values(bucketlist_seq.nextVal, '작곡/작사 해보기', '10년안에', 4, 0, '', '어떤 공부를 해야하는 지 알려주세요', 'N', 'jalva');
insert into Bucketlist_tb values(bucketlist_seq.nextVal, '유람선 타보기', '10년안에', 5, 0, '계정 만들기', '', 'Y', 'jalva');
insert into bucketconn_tb values(196, '사진');
insert into bucketconn_tb values(197, '악기');
insert into bucketconn_tb values(197, '기타');
insert into bucketconn_tb values(198, '포토샵');
insert into bucketconn_tb values(199, '여행');
insert into bucketconn_tb values(199, '중국여행');
insert into bucketconn_tb values(200, '여행');
insert into bucketconn_tb values(200, '일본여행');
insert into bucketconn_tb values(201, '자기계발');
insert into bucketconn_tb values(202, '여행');
insert into bucketconn_tb values(203, '기부');
insert into bucketconn_tb values(204, '창업');
insert into bucketconn_tb values(205, '악기');
insert into bucketconn_tb values(205, '피아노');
insert into bucketconn_tb values(206, '독서');
insert into bucketconn_tb values(207, '여행');
insert into bucketconn_tb values(207, '유럽여행');
insert into bucketconn_tb values(208, '소설');
insert into bucketconn_tb values(209, '작곡');
insert into bucketconn_tb values(209, '작사');
insert into bucketconn_tb values(210, '유람선');

insert into Bucketlist_tb values(bucketlist_seq.nextVal, '사진잘찍기', '2월까지', 1, 60, '1. 카메라 사기 2. 돈모으기', '꿀팁추천해주세요', 'N', 'idput');
insert into Bucketlist_tb values(bucketlist_seq.nextVal, '버스킹 하기', '2년안에', 3, 40, '중식 조리 서적 구매', '', 'Y', 'idput');
insert into Bucketlist_tb values(bucketlist_seq.nextVal, '포토샵 고수', '3년안에', 4, 10, '가능할까?', '', 'Y', 'idput');
insert into Bucketlist_tb values(bucketlist_seq.nextVal, '중국여행가기', '죽기전에', 2, 40, '꼭 가야지', '가야할 장소 추천해주세요', 'N', 'idput');
insert into Bucketlist_tb values(bucketlist_seq.nextVal, '일본여행가기', '죽기전에', 1, 0, '구체적인 계획없음', '', 'Y', 'idput');
insert into Bucketlist_tb values(bucketlist_seq.nextVal, '피아노곡 3곡 연주하기', '4년안에', 5, 0, '피아노구매', '', 'Y', 'idput');
insert into Bucketlist_tb values(bucketlist_seq.nextVal, '세계일주 하기', '죽기전에', 3, 10, '꼭 가야지', '돈이 없음', 'N', 'idput');
insert into Bucketlist_tb values(bucketlist_seq.nextVal, '기부하기', '죽기전에', 2, 0, '어떤곳에 기부할지 정하기', '', 'Y', 'idput');
insert into Bucketlist_tb values(bucketlist_seq.nextVal, '창업하기', '20년안에', 1, 0, '사업아이템 구상하기', '', 'Y', 'idput');
insert into Bucketlist_tb values(bucketlist_seq.nextVal, '악기배우기', '1년안에', 1, 10, '', '피아노를 배우고 싶어요', 'N', 'idput');
insert into Bucketlist_tb values(bucketlist_seq.nextVal, '책 30권 읽기', '6개월안에', 2, 20, '24권 남음', '', 'Y', 'idput');
insert into Bucketlist_tb values(bucketlist_seq.nextVal, '유럽여행가기', '1년안에', 3, 10, '', '다녀오신분들 정보 좀 공유해주세요', 'N', 'idput');
insert into Bucketlist_tb values(bucketlist_seq.nextVal, '소설쓰기', '5년안에', 3, 5, '', '', 'Y', 'idput');
insert into Bucketlist_tb values(bucketlist_seq.nextVal, '작곡/작사 해보기', '10년안에', 4, 0, '', '어떤 공부를 해야하는 지 알려주세요', 'N', 'idput');
insert into Bucketlist_tb values(bucketlist_seq.nextVal, '유람선 타보기', '10년안에', 5, 0, '계정 만들기', '', 'Y', 'idput');
insert into bucketconn_tb values(211, '사진');
insert into bucketconn_tb values(212, '악기');
insert into bucketconn_tb values(212, '기타');
insert into bucketconn_tb values(213, '포토샵');
insert into bucketconn_tb values(214, '여행');
insert into bucketconn_tb values(214, '중국여행');
insert into bucketconn_tb values(215, '여행');
insert into bucketconn_tb values(215, '일본여행');
insert into bucketconn_tb values(216, '자기계발');
insert into bucketconn_tb values(217, '여행');
insert into bucketconn_tb values(218, '기부');
insert into bucketconn_tb values(219, '창업');
insert into bucketconn_tb values(220, '악기');
insert into bucketconn_tb values(220, '피아노');
insert into bucketconn_tb values(221, '독서');
insert into bucketconn_tb values(222, '여행');
insert into bucketconn_tb values(222, '유럽여행');
insert into bucketconn_tb values(223, '소설');
insert into bucketconn_tb values(224, '작곡');
insert into bucketconn_tb values(224, '작사');
insert into bucketconn_tb values(225, '유람선');

--GROUP_TB
insert into group_tb values(group_seq.nextVal, '기타연주해요', 'hub14', TO_DATE('2017-01-02', 'yyyy-mm-dd'), '서울', '기타연주 모임 입니다.', 10);
insert into userGroup_tb values('hub14', 1);
insert into group_tb values(group_seq.nextVal, '피아노의 정석', 'solomon23', TO_DATE('2017-02-03', 'yyyy-mm-dd'), '경기', '피아노연주 모임 입니다.', 15);
insert into userGroup_tb values('solomon23', 2);
insert into group_tb values(group_seq.nextVal, '다같이여행', 'posco', TO_DATE('2017-03-05', 'yyyy-mm-dd'), '강원', '여행 모임 입니다.', 8);
insert into userGroup_tb values('posco', 3);
insert into group_tb values(group_seq.nextVal, '내일더크게', 'haist', TO_DATE('2017-04-12', 'yyyy-mm-dd'), '경북', '운동 모임 입니다.', 20);
insert into userGroup_tb values('haist', 4);
insert into group_tb values(group_seq.nextVal, '코딩노예', 'moomin', TO_DATE('2017-02-07', 'yyyy-mm-dd'), '경남', '프로그래밍 모임 입니다.', 20);
insert into userGroup_tb values('moomin', 5);
insert into group_tb values(group_seq.nextVal, '목표는 에베레스트', 'grape', TO_DATE('2017-11-05', 'yyyy-mm-dd'), '대전', '등산 모임 입니다.', 15);
insert into userGroup_tb values('grape', 6);
insert into group_tb values(group_seq.nextVal, '책읽어주는사람', 'java223', TO_DATE('2017-11-17', 'yyyy-mm-dd'), '대구', '독서 모임 입니다.', 25);
insert into userGroup_tb values('java223', 7);
insert into group_tb values(group_seq.nextVal, '심포니', 'kiwi31', TO_DATE('2017-12-21', 'yyyy-mm-dd'), '부산', '악기연주 모임 입니다.', 15);
insert into userGroup_tb values('kiwi31', 8);
insert into group_tb values(group_seq.nextVal, '마술사기꾼', 'skehdhkd', TO_DATE('2017-04-15', 'yyyy-mm-dd'), '인천', '마술 모임 입니다.', 10);
insert into userGroup_tb values('skehdhkd', 9);
insert into group_tb values(group_seq.nextVal, '하모니', 'dksemfh', TO_DATE('2017-06-01', 'yyyy-mm-dd'), '울산', '악기연주 모임 입니다.', 12);
insert into userGroup_tb values('dksemfh', 10);
insert into group_tb values(group_seq.nextVal, '걸어서세계로', 'dlemsms', TO_DATE('2017-02-10', 'yyyy-mm-dd'), '전북', '여행 모임 입니다.', 5);
insert into userGroup_tb values('dlemsms', 11);
insert into group_tb values(group_seq.nextVal, '찰칵', 'bdosb', TO_DATE('2017-03-09', 'yyyy-mm-dd'), '전남', '사진촬영 모임 입니다.', 22);
insert into userGroup_tb values('bdosb', 12);

-- GROUPCONN_TB
insert into groupConn_tb values(1, '기타');
insert into groupConn_tb values(2, '피아노');
insert into groupConn_tb values(3, '여행');
insert into groupConn_tb values(4, '운동');
insert into groupConn_tb values(5, '프로그래밍');
insert into groupConn_tb values(6, '등산');
insert into groupConn_tb values(7, '독서');
insert into groupConn_tb values(8, '악기');
insert into groupConn_tb values(8, '기타');
insert into groupConn_tb values(8, '피아노');
insert into groupConn_tb values(9, '마술');
insert into groupConn_tb values(10, '악기');
insert into groupConn_tb values(10, '피아노');
insert into groupConn_tb values(11, '여행');
insert into groupConn_tb values(12, '사진');

--FOLLOW_TB
insert into follow_tb values('hub14', 'solomon23', 1, 'Y');
insert into follow_tb values('solomon23', 'hub14', 2, 'N');
insert into follow_tb values('hub14', 'posco', 2, 'Y');
insert into follow_tb values('posco', 'hub14', 1, 'N');
insert into follow_tb values('hub14', 'haist', 3, 'Y');
insert into follow_tb values('haist', 'hub14', 3, 'Y');
insert into follow_tb values('hub14', 'java223', 3, 'Y');
insert into follow_tb values('java223', 'hub14', 3, 'Y');
insert into follow_tb values('hub14', 'kiwi31', 2, 'Y');
insert into follow_tb values('kiwi31', 'hub14', 1, 'N');
insert into follow_tb values('hub14', 'skehdhkd', 2, 'Y');
insert into follow_tb values('skehdhkd', 'hub14', 1, 'Y');
insert into follow_tb values('solomon23', 'java223', 3, 'Y');
insert into follow_tb values('java223', 'solomon23', 3, 'Y');
insert into follow_tb values('solomon23', 'skehdhkd', 2, 'Y');
insert into follow_tb values('skehdhkd', 'solomon23', 1, 'N');
insert into follow_tb values('solomon23', 'tlfvogka', 3, 'Y');
insert into follow_tb values('tlfvogka', 'solomon23', 3, 'Y');
insert into follow_tb values('posco', 'haist', 3, 'Y');
insert into follow_tb values('haist', 'posco', 3, 'Y');
insert into follow_tb values('posco', 'moomin', 3, 'Y');
insert into follow_tb values('moomin', 'posco', 3, 'Y');
insert into follow_tb values('posco', 'java223', 2, 'Y');
insert into follow_tb values('java223', 'posco', 1, 'N');
insert into follow_tb values('posco', 'skehdhkd', 2, 'Y');
insert into follow_tb values('skehdhkd', 'posco', 1, 'Y');
insert into follow_tb values('posco', 'tlfvogka', 1, 'Y');
insert into follow_tb values('tlfvogka', 'posco', 2, 'N');
insert into follow_tb values('posco', 'jalva', 1, 'Y');
insert into follow_tb values('jalva', 'posco', 2, 'N');
insert into follow_tb values('haist', 'grape', 3, 'Y');
insert into follow_tb values('grape', 'haist', 3, 'Y');
insert into follow_tb values('haist', 'dksemfh', 2, 'Y');
insert into follow_tb values('dksemfh', 'haist', 1, 'N');
insert into follow_tb values('haist', 'idput', 2, 'Y');
insert into follow_tb values('idput', 'haist', 1, 'Y');
insert into follow_tb values('haist', 'bdosb', 1, 'Y');
insert into follow_tb values('bdosb', 'haist', 2, 'N');
insert into follow_tb values('moomin', 'grape', 2, 'Y');
insert into follow_tb values('grape', 'moomin', 1, 'N');
insert into follow_tb values('moomin', 'java223', 2, 'Y');
insert into follow_tb values('java223', 'moomin', 1, 'Y');
insert into follow_tb values('moomin', 'skehdhkd', 1, 'Y');
insert into follow_tb values('skehdhkd', 'moomin', 2, 'N');
insert into follow_tb values('moomin', 'dksemfh', 3, 'Y');
insert into follow_tb values('dksemfh', 'moomin', 3, 'Y');
insert into follow_tb values('moomin', 'bdosb', 2, 'Y');
insert into follow_tb values('bdosb', 'moomin', 1, 'N');
insert into follow_tb values('grape', 'java223', 2, 'Y');
insert into follow_tb values('java223', 'grape', 1, 'Y');
insert into follow_tb values('grape', 'kiwi31', 1, 'Y');
insert into follow_tb values('kiwi31', 'grape', 2, 'N');
insert into follow_tb values('grape', 'dlemsms', 2, 'Y');
insert into follow_tb values('dlemsms', 'grape', 1, 'N');
insert into follow_tb values('grape', 'idput', 2, 'Y');
insert into follow_tb values('idput', 'grape', 1, 'N');
insert into follow_tb values('grape', 'jalva', 1, 'Y');
insert into follow_tb values('jalva', 'grape', 2, 'N');
insert into follow_tb values('kiwi31', 'skehdhkd', 1, 'Y');
insert into follow_tb values('skehdhkd', 'kiwi31', 2, 'N');
insert into follow_tb values('kiwi31', 'dksemfh', 2, 'Y');
insert into follow_tb values('dksemfh', 'kiwi31', 1, 'Y');
insert into follow_tb values('kiwi31', 'dlemsms', 2, 'Y');
insert into follow_tb values('dlemsms', 'kiwi31', 1, 'N');
insert into follow_tb values('kiwi31', 'tlfvogka', 1, 'Y');
insert into follow_tb values('tlfvogka', 'kiwi31', 2, 'N');
insert into follow_tb values('kiwi31', 'bdosb', 3, 'Y');
insert into follow_tb values('bdosb', 'kiwi31', 3, 'Y');
insert into follow_tb values('skehdhkd', 'dlemsms', 1, 'Y');
insert into follow_tb values('dlemsms', 'skehdhkd', 2, 'N');
insert into follow_tb values('skehdhkd', 'tlfvogka', 2, 'Y');
insert into follow_tb values('tlfvogka', 'skehdhkd', 1, 'N');
insert into follow_tb values('skehdhkd', 'jalva', 1, 'Y');
insert into follow_tb values('jalva', 'skehdhkd', 2, 'N');
insert into follow_tb values('dksemfh', 'dlemsms', 2, 'Y');
insert into follow_tb values('dlemsms', 'dksemfh', 1, 'N');
insert into follow_tb values('dksemfh', 'tlfvogka', 1, 'Y');
insert into follow_tb values('tlfvogka', 'dksemfh', 2, 'N');
insert into follow_tb values('dksemfh', 'bdosb', 3, 'Y');
insert into follow_tb values('bdosb', 'dksemfh', 3, 'Y');
insert into follow_tb values('dlemsms', 'bdosb', 1, 'Y');
insert into follow_tb values('bdosb', 'dlemsms', 2, 'N');
insert into follow_tb values('dlemsms', 'jalva', 3, 'Y');
insert into follow_tb values('jalva', 'dlemsms', 3, 'Y');
insert into follow_tb values('tlfvogka', 'bdosb', 1, 'Y');
insert into follow_tb values('bdosb', 'tlfvogka', 2, 'N');
insert into follow_tb values('tlfvogka', 'idput', 2, 'Y');
insert into follow_tb values('idput', 'tlfvogka', 1, 'N');
insert into follow_tb values('bdosb', 'jalva', 3, 'Y');
insert into follow_tb values('jalva', 'bdosb', 3, 'Y');
insert into follow_tb values('bdosb', 'idput', 3, 'Y');
insert into follow_tb values('idput', 'bdosb', 3, 'Y');
insert into follow_tb values('jalva', 'idput', 2, 'Y');
insert into follow_tb values('idput', 'jalva', 1, 'N');

insert into cooper_tb values(cooper_seq.nextVal, 'google', 'www.google.com', sysdate, TO_DATE('2018-06-03', 'yyyy-mm-dd'), 'default.png');
insert into cooper_tb values(cooper_seq.nextVal, 'daum', 'www.daum.net', sysdate, TO_DATE('2017-08-19', 'yyyy-mm-dd'), 'default.png');
insert into cooper_tb values(cooper_seq.nextVal, 'naver', 'www.naver.com', sysdate, TO_DATE('2019-10-04', 'yyyy-mm-dd'), 'default.png');

COMMIT;