--USER_TB
insert into USER_TB values('ksw001', '1', 'ksw001@hub.com', 'default.png', '안녕하세요 ksw001입니다.', 'N');
insert into USER_TB values('ksw002', '2', 'ksw002@hub.com', 'default.png', '안녕하세요 ksw002입니다.', 'N');
insert into USER_TB values('ksw003', '3', 'ksw003@hub.com', 'default.png', '안녕하세요 ksw003입니다.', 'N');
insert into USER_TB values('ksw004', '4', 'ksw004@hub.com', 'default.png', '안녕하세요 ksw004입니다.', 'N');
insert into USER_TB values('ksw005', '5', 'ksw005@hub.com', 'default.png', '안녕하세요 ksw005입니다.', 'N');
insert into USER_TB values('ksw006', '6', 'ksw006@hub.com', 'default.png', '안녕하세요 ksw006입니다.', 'N');
insert into USER_TB values('ksw007', '7', 'ksw007@hub.com', 'default.png', '안녕하세요 ksw007입니다.', 'N');
insert into USER_TB values('ksw008', '8', 'ksw008@hub.com', 'default.png', '안녕하세요 ksw008입니다.', 'N');
insert into USER_TB values('ksw009', '9', 'ksw009@hub.com', 'default.png', '안녕하세요 ksw009입니다.', 'N');
insert into USER_TB values('ksw010', '10', 'ksw010@hub.com', 'default.png', '안녕하세요 ksw010입니다.', 'N');
insert into USER_TB values('ksw011', '11', 'ksw011@hub.com', 'default.png', '안녕하세요 ksw011입니다.', 'N');
insert into USER_TB values('ksw012', '12', 'ksw012@hub.com', 'default.png', '안녕하세요 ksw012입니다.', 'N');
insert into USER_TB values('ksw013', '13', 'ksw013@hub.com', 'default.png', '안녕하세요 ksw013입니다.', 'N');
insert into USER_TB values('ksw014', '14', 'ksw014@hub.com', 'default.png', '안녕하세요 ksw014입니다.', 'N');
insert into USER_TB values('ksw015', '15', 'ksw015@hub.com', 'default.png', '안녕하세요 ksw015입니다.', 'N');
insert into USER_TB values('ksw016', '16', 'ksw016@hub.com', 'default.png', '안녕하세요 ksw016입니다.', 'N');
insert into USER_TB values('ksw017', '17', 'ksw017@hub.com', 'default.png', '안녕하세요 ksw017입니다.', 'N');
insert into USER_TB values('ksw018', '18', 'ksw018@hub.com', 'default.png', '안녕하세요 ksw018입니다.', 'N');
insert into USER_TB values('ksw019', '19', 'ksw019@hub.com', 'default.png', '안녕하세요 ksw019입니다.', 'N');
insert into USER_TB values('ksw020', '20', 'ksw020@hub.com', 'default.png', '안녕하세요 ksw020입니다.', 'N');
insert into USER_TB values('ksw021', '21', 'ksw021@hub.com', 'default.png', '안녕하세요 ksw021입니다.', 'N');
insert into USER_TB values('ksw022', '22', 'ksw022@hub.com', 'default.png', '안녕하세요 ksw022입니다.', 'N');
insert into USER_TB values('ksw023', '23', 'ksw023@hub.com', 'default.png', '안녕하세요 ksw023입니다.', 'N');
insert into USER_TB values('ksw024', '24', 'ksw024@hub.com', 'default.png', '안녕하세요 ksw024입니다.', 'N');
insert into USER_TB values('ksw025', '25', 'ksw025@hub.com', 'default.png', '안녕하세요 ksw025입니다.', 'N');
insert into USER_TB values('ksw026', '26', 'ksw026@hub.com', 'default.png', '안녕하세요 ksw026입니다.', 'N');
insert into USER_TB values('ksw027', '27', 'ksw027@hub.com', 'default.png', '안녕하세요 ksw027입니다.', 'N');
insert into USER_TB values('ksw028', '28', 'ksw028@hub.com', 'default.png', '안녕하세요 ksw028입니다.', 'N');
insert into USER_TB values('ksw029', '29', 'ksw029@hub.com', 'default.png', '안녕하세요 ksw029입니다.', 'N');
insert into USER_TB values('ksw030', '30', 'ksw030@hub.com', 'default.png', '안녕하세요 ksw030입니다.', 'N');

-- USERCONN_TB
insert into Userconn_TB values('ksw001', '운동');
insert into Userconn_TB values('ksw001', '여행');
insert into Userconn_TB values('ksw001', '사진');
insert into Userconn_TB values('ksw002', '컴퓨터');
insert into Userconn_TB values('ksw002', '게임');
insert into Userconn_TB values('ksw002', '자바');
insert into Userconn_TB values('ksw003', '음악');
insert into Userconn_TB values('ksw003', '축구');
insert into Userconn_TB values('ksw003', '농구');
insert into Userconn_TB values('ksw004', '프로그래밍');
insert into Userconn_TB values('ksw004', 'C언어');
insert into Userconn_TB values('ksw004', '자바');
insert into Userconn_TB values('ksw005', '음악');
insert into Userconn_TB values('ksw005', '기타');
insert into Userconn_TB values('ksw005', '피아노');
insert into Userconn_TB values('ksw006', '기타');
insert into Userconn_TB values('ksw006', '사진');
insert into Userconn_TB values('ksw006', '여행');
insert into Userconn_TB values('ksw007', '오케스트라');
insert into Userconn_TB values('ksw007', '바이올린');
insert into Userconn_TB values('ksw007', '첼로');
insert into Userconn_TB values('ksw008', '악기');
insert into Userconn_TB values('ksw008', '바리스타');
insert into Userconn_TB values('ksw008', '커피');
insert into Userconn_TB values('ksw009', '악기');
insert into Userconn_TB values('ksw009', '피아노');
insert into Userconn_TB values('ksw009', '재즈');
insert into Userconn_TB values('ksw010', '작곡');
insert into Userconn_TB values('ksw010', '작사');
insert into Userconn_TB values('ksw010', '음악');
insert into Userconn_TB values('ksw011', '컴퓨터');
insert into Userconn_TB values('ksw011', '프로그래밍');
insert into Userconn_TB values('ksw011', '자바');
insert into Userconn_TB values('ksw012', '여행');
insert into Userconn_TB values('ksw012', '유럽여행');
insert into Userconn_TB values('ksw012', '중국여행');
insert into Userconn_TB values('ksw013', '음악');
insert into Userconn_TB values('ksw013', '오케스트라');
insert into Userconn_TB values('ksw013', '작곡');
insert into Userconn_TB values('ksw014', '켈리그라피');
insert into Userconn_TB values('ksw014', '바리스타');
insert into Userconn_TB values('ksw014', '커피');
insert into Userconn_TB values('ksw015', '피아노');
insert into Userconn_TB values('ksw015', '음악');
insert into Userconn_TB values('ksw015', '작곡');
insert into Userconn_TB values('ksw016', '기타');
insert into Userconn_TB values('ksw016', '악기');
insert into Userconn_TB values('ksw016', '사진');
insert into Userconn_TB values('ksw017', '게임');
insert into Userconn_TB values('ksw017', '컴퓨터');
insert into Userconn_TB values('ksw017', '운동');
insert into Userconn_TB values('ksw018', '운동');
insert into Userconn_TB values('ksw018', '축구');
insert into Userconn_TB values('ksw018', '농구');
insert into Userconn_TB values('ksw019', '여행');
insert into Userconn_TB values('ksw019', '사진');
insert into Userconn_TB values('ksw019', '유럽여행');
insert into Userconn_TB values('ksw020', '피아노');
insert into Userconn_TB values('ksw020', '운동');
insert into Userconn_TB values('ksw020', '사진');
insert into Userconn_TB values('ksw021', '요리');
insert into Userconn_TB values('ksw021', '한식');
insert into Userconn_TB values('ksw021', '일식');
insert into Userconn_TB values('ksw022', '음악');
insert into Userconn_TB values('ksw022', '작사');
insert into Userconn_TB values('ksw022', '작곡');
insert into Userconn_TB values('ksw023', '요리');
insert into Userconn_TB values('ksw023', '중식');
insert into Userconn_TB values('ksw023', '중국여행');
insert into Userconn_TB values('ksw024', '사진');
insert into Userconn_TB values('ksw024', '커피');
insert into Userconn_TB values('ksw024', '켈리그라피');
insert into Userconn_TB values('ksw025', '컴퓨터');
insert into Userconn_TB values('ksw025', '프로그래밍');
insert into Userconn_TB values('ksw025', '자바');
insert into Userconn_TB values('ksw026', 'C언어');
insert into Userconn_TB values('ksw026', '게임');
insert into Userconn_TB values('ksw026', '자바');
insert into Userconn_TB values('ksw027', '운동');
insert into Userconn_TB values('ksw027', '농구');
insert into Userconn_TB values('ksw027', '배구');
insert into Userconn_TB values('ksw028', '컴퓨터');
insert into Userconn_TB values('ksw028', '음악');
insert into Userconn_TB values('ksw028', '작곡');
insert into Userconn_TB values('ksw029', '요리');
insert into Userconn_TB values('ksw029', '일식');
insert into Userconn_TB values('ksw029', '중식');
insert into Userconn_TB values('ksw030', '사진');
insert into Userconn_TB values('ksw030', '요리');
insert into Userconn_TB values('ksw030', '일식');

insert into connchain_tb values('여행');
insert into connchain_tb values('운동');
insert into connchain_tb values('사진');
insert into connchain_tb values('컴퓨터');
insert into connchain_tb values('게임');
insert into connchain_tb values('자바');
insert into connchain_tb values('음악');
insert into connchain_tb values('축구');
insert into connchain_tb values('농구');
insert into connchain_tb values('배구');
insert into connchain_tb values('프로그래밍');
insert into connchain_tb values('C언어');
insert into connchain_tb values('기타');
insert into connchain_tb values('피아노');
insert into connchain_tb values('오케스트라');
insert into connchain_tb values('바이올린');
insert into connchain_tb values('첼로');
insert into connchain_tb values('악기');
insert into connchain_tb values('바리스타');
insert into connchain_tb values('커피');
insert into connchain_tb values('유럽여행');
insert into connchain_tb values('중국여행');
insert into connchain_tb values('일본여행');
insert into connchain_tb values('재즈');
insert into connchain_tb values('작곡');
insert into connchain_tb values('작사');
insert into connchain_tb values('켈리그라피');
insert into connchain_tb values('요리');
insert into connchain_tb values('한식');
insert into connchain_tb values('중식');
insert into connchain_tb values('일식');
insert into connchain_tb values('국내여행');
insert into connchain_tb values('마술');
insert into connchain_tb values('창업');
insert into connchain_tb values('자기계발');
insert into connchain_tb values('기부');
insert into connchain_tb values('영어');
insert into connchain_tb values('사교');
insert into connchain_tb values('인터넷방송');
insert into connchain_tb values('포토샵');
insert into connchain_tb values('소설');
insert into connchain_tb values('유람선');

insert into Bucketlist_tb values(bucketlist_seq.nextVal, '한식자격증 따기', '1년안에', 5, 60, '한식 조리 서적 구매', '어떤 서적이 좋을지 추천해주세요', 'N', 'ksw001');
insert into Bucketlist_tb values(bucketlist_seq.nextVal, '중식자격증 따기', '2년안에', 4, 40, '중식 조리 서적 구매', '', 'Y', 'ksw001');
insert into Bucketlist_tb values(bucketlist_seq.nextVal, '일식자격증 따기', '3년안에', 3, 10, '가능할까?', '', 'Y', 'ksw001');
insert into Bucketlist_tb values(bucketlist_seq.nextVal, '유럽여행 하기', '죽기전에', 3, 40, '꼭 가야지', '돈이 없음', 'N', 'ksw001');
insert into Bucketlist_tb values(bucketlist_seq.nextVal, '나만의 브랜드 런칭하기', '죽기전에', 5, 0, '구체적인 계획없음', '', 'Y', 'ksw001');
insert into Bucketlist_tb values(bucketlist_seq.nextVal, '인생의 멘토 구하기', '10년안에', 2, 3, '가능할까?', '', 'Y', 'ksw001');
insert into Bucketlist_tb values(bucketlist_seq.nextVal, '세계일주 하기', '죽기전에', 2, 10, '꼭 가야지', '돈이 없음', 'N', 'ksw001');
insert into Bucketlist_tb values(bucketlist_seq.nextVal, '1억 기부하기', '죽기전에', 4, 0, '가능할까?', '', 'Y', 'ksw001');
insert into Bucketlist_tb values(bucketlist_seq.nextVal, '프로그래밍 배우기', '3년안에', 5, 36, '학원 등록하기', '학원 추천해주세요', 'N', 'ksw001');
insert into Bucketlist_tb values(bucketlist_seq.nextVal, '악기배우기', '1년안에', 3, 10, '', '기타를 배우고 싶어요', 'N', 'ksw001');
insert into Bucketlist_tb values(bucketlist_seq.nextVal, '책 100권 읽기', '1년안에', 3, 0, '', '', 'Y', 'ksw001');
insert into Bucketlist_tb values(bucketlist_seq.nextVal, '에베레스트등반하기', '죽기전에', 4, 36, '', '어떤걸 준비해야 하는지 알려주세요', 'N', 'ksw001');
insert into Bucketlist_tb values(bucketlist_seq.nextVal, '마술배우기', '5년안에', 1, 5, '카드마술', '', 'Y', 'ksw001');
insert into Bucketlist_tb values(bucketlist_seq.nextVal, '외국인친구 만들기', '1년안에', 2, 0, '', '', 'Y', 'ksw001');
insert into Bucketlist_tb values(bucketlist_seq.nextVal, '개인방송 해보기', '10년안에', 1, 0, '계정 만들기', '', 'Y', 'ksw001');
insert into bucketconn_tb values(1, '요리');
insert into bucketconn_tb values(1, '한식');
insert into bucketconn_tb values(2, '요리');
insert into bucketconn_tb values(2, '중식');
insert into bucketconn_tb values(3, '요리');
insert into bucketconn_tb values(3, '일식');
insert into bucketconn_tb values(4, '여행');
insert into bucketconn_tb values(4, '유럽');
insert into bucketconn_tb values(5, '창업');
insert into bucketconn_tb values(6, '자기계발');
insert into bucketconn_tb values(7, '여행');
insert into bucketconn_tb values(8, '기부');
insert into bucketconn_tb values(9, '프로그래밍');
insert into bucketconn_tb values(9, 'C');
insert into bucketconn_tb values(9, '자바');
insert into bucketconn_tb values(10, '악기');
insert into bucketconn_tb values(10, '기타');
insert into bucketconn_tb values(11, '독서');
insert into bucketconn_tb values(12, '등산');
insert into bucketconn_tb values(13, '마술');
insert into bucketconn_tb values(14, '영어');
insert into bucketconn_tb values(14, '사교');
insert into bucketconn_tb values(15, '인터넷방송');

insert into Bucketlist_tb values(bucketlist_seq.nextVal, '사진잘찍기', '2월까지', 1, 60, '1. 카메라 사기 2. 돈모으기', '꿀팁추천해주세요', 'N', 'ksw002');
insert into Bucketlist_tb values(bucketlist_seq.nextVal, '버스킹하기', '2년안에', 3, 40, '기타배우기', '', 'Y', 'ksw002');
insert into Bucketlist_tb values(bucketlist_seq.nextVal, '포토샵고수', '3년안에', 4, 10, '가능할까?', '', 'Y', 'ksw002');
insert into Bucketlist_tb values(bucketlist_seq.nextVal, '중국여행가기', '죽기전에', 2, 40, '꼭 가야지', '가야할 장소 추천해주세요', 'N', 'ksw002');
insert into Bucketlist_tb values(bucketlist_seq.nextVal, '일본여행가기', '죽기전에', 1, 0, '구체적인 계획없음', '', 'Y', 'ksw002');
insert into Bucketlist_tb values(bucketlist_seq.nextVal, '피아노곡 3곡 연주하기', '4년안에', 5, 0, '피아노구매', '', 'Y', 'ksw002');
insert into Bucketlist_tb values(bucketlist_seq.nextVal, '세계일주 하기', '죽기전에', 3, 10, '꼭 가야지', '돈이 없음', 'N', 'ksw002');
insert into Bucketlist_tb values(bucketlist_seq.nextVal, '기부하기', '죽기전에', 2, 0, '어떤곳에 기부할지 정하기', '', 'Y', 'ksw002');
insert into Bucketlist_tb values(bucketlist_seq.nextVal, '창업하기', '20년안에', 1, 0, '사업아이템 구상하기', '', 'Y', 'ksw002');
insert into Bucketlist_tb values(bucketlist_seq.nextVal, '악기배우기', '1년안에', 1, 10, '', '피아노를 배우고 싶어요', 'N', 'ksw002');
insert into Bucketlist_tb values(bucketlist_seq.nextVal, '책 30권 읽기', '6개월안에', 2, 20, '24권 남음', '', 'Y', 'ksw002');
insert into Bucketlist_tb values(bucketlist_seq.nextVal, '유럽여행가기', '1년안에', 3, 10, '', '다녀오신분들 정보 좀 공유해주세요', 'N', 'ksw002');
insert into Bucketlist_tb values(bucketlist_seq.nextVal, '소설쓰기', '5년안에', 3, 5, '', '', 'Y', 'ksw002');
insert into Bucketlist_tb values(bucketlist_seq.nextVal, '작곡/작사 해보기', '10년안에', 4, 0, '', '어떤 공부를 해야하는 지 알려주세요', 'N', 'ksw002');
insert into Bucketlist_tb values(bucketlist_seq.nextVal, '유람선타보기', '10년안에', 5, 0, '', '', 'Y', 'ksw002');
insert into bucketconn_tb values(16, '사진');
insert into bucketconn_tb values(17, '악기');
insert into bucketconn_tb values(17, '기타');
insert into bucketconn_tb values(18, '포토샵');
insert into bucketconn_tb values(19, '여행');
insert into bucketconn_tb values(19, '중국여행');
insert into bucketconn_tb values(20, '여행');
insert into bucketconn_tb values(20, '일본여행');
insert into bucketconn_tb values(21, '자기계발');
insert into bucketconn_tb values(22, '여행');
insert into bucketconn_tb values(23, '기부');
insert into bucketconn_tb values(24, '창업');
insert into bucketconn_tb values(25, '악기');
insert into bucketconn_tb values(25, '피아노');
insert into bucketconn_tb values(26, '독서');
insert into bucketconn_tb values(27, '여행');
insert into bucketconn_tb values(27, '유럽여행');
insert into bucketconn_tb values(28, '소설');
insert into bucketconn_tb values(29, '작곡');
insert into bucketconn_tb values(29, '작사');
insert into bucketconn_tb values(30, '유람선');

insert into Bucketlist_tb values(bucketlist_seq.nextVal, '사진잘찍기', '2월까지', 1, 60, '1. 카메라 사기 2. 돈모으기', '꿀팁추천해주세요', 'N', 'ksw003');
insert into Bucketlist_tb values(bucketlist_seq.nextVal, '버스킹 하기', '2년안에', 3, 40, '', '', 'Y', 'ksw003');
insert into Bucketlist_tb values(bucketlist_seq.nextVal, '포토샵 고수', '3년안에', 4, 10, '가능할까?', '', 'Y', 'ksw003');
insert into Bucketlist_tb values(bucketlist_seq.nextVal, '인생의 멘토 구하기', '10년안에', 2, 3, '가능할까?', '', 'Y', 'ksw003');
insert into Bucketlist_tb values(bucketlist_seq.nextVal, '세계일주 하기', '죽기전에', 2, 10, '꼭 가야지', '돈이 없음', 'N', 'ksw003');
insert into Bucketlist_tb values(bucketlist_seq.nextVal, '1억 기부하기', '죽기전에', 4, 0, '가능할까?', '', 'Y', 'ksw003');
insert into Bucketlist_tb values(bucketlist_seq.nextVal, '프로그래밍 배우기', '3년안에', 5, 36, '학원 등록하기', '학원 추천해주세요', 'N', 'ksw003');
insert into Bucketlist_tb values(bucketlist_seq.nextVal, '악기배우기', '1년안에', 3, 10, '', '첼로를 배우고 싶어요', 'N', 'ksw003');
insert into Bucketlist_tb values(bucketlist_seq.nextVal, '책 100권 읽기', '1년안에', 3, 0, '', '', 'Y', 'ksw003');
insert into Bucketlist_tb values(bucketlist_seq.nextVal, '에베레스트등반하기', '죽기전에', 4, 36, '', '어떤걸 준비해야 하는지 알려주세요', 'N', 'ksw003');
insert into Bucketlist_tb values(bucketlist_seq.nextVal, '마술배우기', '5년안에', 1, 5, '카드마술', '', 'Y', 'ksw003');
insert into Bucketlist_tb values(bucketlist_seq.nextVal, '세계일주 하기', '죽기전에', 3, 10, '꼭 가야지', '돈이 없음', 'N', 'ksw003');
insert into Bucketlist_tb values(bucketlist_seq.nextVal, '기부하기', '죽기전에', 2, 0, '어떤곳에 기부할지 정하기', '', 'Y', 'ksw003');
insert into Bucketlist_tb values(bucketlist_seq.nextVal, '창업하기', '20년안에', 1, 0, '사업아이템 구상하기', '', 'Y', 'ksw003');
insert into Bucketlist_tb values(bucketlist_seq.nextVal, '악기배우기', '1년안에', 1, 10, '', '피아노를 배우고 싶어요', 'N', 'ksw003');
insert into bucketconn_tb values(31, '사진');
insert into bucketconn_tb values(32, '악기');
insert into bucketconn_tb values(32, '기타');
insert into bucketconn_tb values(33, '포토샵');
insert into bucketconn_tb values(34, '자기계발');
insert into bucketconn_tb values(35, '여행');
insert into bucketconn_tb values(36, '기부');
insert into bucketconn_tb values(37, '프로그래밍');
insert into bucketconn_tb values(38, '악기');
insert into bucketconn_tb values(38, '첼로');
insert into bucketconn_tb values(39, '독서');
insert into bucketconn_tb values(40, '등산');
insert into bucketconn_tb values(41, '마술');
insert into bucketconn_tb values(42, '여행');
insert into bucketconn_tb values(43, '기부');
insert into bucketconn_tb values(44, '창업');
insert into bucketconn_tb values(45, '악기');
insert into bucketconn_tb values(45, '피아노');

insert into Bucketlist_tb values(bucketlist_seq.nextVal, '사진잘찍기', '2월까지', 1, 60, '1. 카메라 사기 2. 돈모으기', '꿀팁추천해주세요', 'N', 'ksw004');
insert into Bucketlist_tb values(bucketlist_seq.nextVal, '버스킹 하기', '2년안에', 3, 40, '중식 조리 서적 구매', '', 'Y', 'ksw004');
insert into Bucketlist_tb values(bucketlist_seq.nextVal, '포토샵 고수', '3년안에', 4, 10, '가능할까?', '', 'Y', 'ksw004');
insert into Bucketlist_tb values(bucketlist_seq.nextVal, '중국여행가기', '죽기전에', 2, 40, '꼭 가야지', '가야할 장소 추천해주세요', 'N', 'ksw004');
insert into Bucketlist_tb values(bucketlist_seq.nextVal, '일본여행가기', '죽기전에', 1, 0, '구체적인 계획없음', '', 'Y', 'ksw004');
insert into Bucketlist_tb values(bucketlist_seq.nextVal, '피아노곡 3곡 연주하기', '4년안에', 5, 0, '피아노구매', '', 'Y', 'ksw004');
insert into Bucketlist_tb values(bucketlist_seq.nextVal, '세계일주 하기', '죽기전에', 3, 10, '꼭 가야지', '돈이 없음', 'N', 'ksw004');
insert into Bucketlist_tb values(bucketlist_seq.nextVal, '기부하기', '죽기전에', 2, 0, '어떤곳에 기부할지 정하기', '', 'Y', 'ksw004');
insert into Bucketlist_tb values(bucketlist_seq.nextVal, '창업하기', '20년안에', 1, 0, '사업아이템 구상하기', '', 'Y', 'ksw004');
insert into Bucketlist_tb values(bucketlist_seq.nextVal, '악기배우기', '1년안에', 1, 10, '', '피아노를 배우고 싶어요', 'N', 'ksw004');
insert into Bucketlist_tb values(bucketlist_seq.nextVal, '책 30권 읽기', '6개월안에', 2, 20, '24권 남음', '', 'Y', 'ksw004');
insert into Bucketlist_tb values(bucketlist_seq.nextVal, '유럽여행가기', '1년안에', 3, 10, '', '다녀오신분들 정보 좀 공유해주세요', 'N', 'ksw004');
insert into Bucketlist_tb values(bucketlist_seq.nextVal, '소설쓰기', '5년안에', 3, 5, '', '', 'Y', 'ksw004');
insert into Bucketlist_tb values(bucketlist_seq.nextVal, '작곡/작사 해보기', '10년안에', 4, 0, '', '어떤 공부를 해야하는 지 알려주세요', 'N', 'ksw004');
insert into Bucketlist_tb values(bucketlist_seq.nextVal, '유람선 타보기', '10년안에', 5, 0, '', '', 'Y', 'ksw004');
insert into bucketconn_tb values(46, '사진');
insert into bucketconn_tb values(47, '악기');
insert into bucketconn_tb values(47, '기타');
insert into bucketconn_tb values(48, '포토샵');
insert into bucketconn_tb values(49, '여행');
insert into bucketconn_tb values(49, '중국여행');
insert into bucketconn_tb values(50, '여행');
insert into bucketconn_tb values(50, '일본여행');
insert into bucketconn_tb values(51, '자기계발');
insert into bucketconn_tb values(52, '여행');
insert into bucketconn_tb values(53, '기부');
insert into bucketconn_tb values(54, '창업');
insert into bucketconn_tb values(55, '악기');
insert into bucketconn_tb values(55, '피아노');
insert into bucketconn_tb values(56, '독서');
insert into bucketconn_tb values(57, '여행');
insert into bucketconn_tb values(57, '유럽여행');
insert into bucketconn_tb values(58, '소설');
insert into bucketconn_tb values(59, '작곡');
insert into bucketconn_tb values(59, '작사');
insert into bucketconn_tb values(60, '유람선');

insert into Bucketlist_tb values(bucketlist_seq.nextVal, '사진잘찍기', '2월까지', 1, 60, '1. 카메라 사기 2. 돈모으기', '꿀팁추천해주세요', 'N', 'ksw005');
insert into Bucketlist_tb values(bucketlist_seq.nextVal, '버스킹 하기', '2년안에', 3, 40, '중식 조리 서적 구매', '', 'Y', 'ksw005');
insert into Bucketlist_tb values(bucketlist_seq.nextVal, '포토샵 고수', '3년안에', 4, 10, '가능할까?', '', 'Y', 'ksw005');
insert into Bucketlist_tb values(bucketlist_seq.nextVal, '중국여행가기', '죽기전에', 2, 40, '꼭 가야지', '가야할 장소 추천해주세요', 'N', 'ksw005');
insert into Bucketlist_tb values(bucketlist_seq.nextVal, '일본여행가기', '죽기전에', 1, 0, '구체적인 계획없음', '', 'Y', 'ksw005');
insert into Bucketlist_tb values(bucketlist_seq.nextVal, '피아노곡 3곡 연주하기', '4년안에', 5, 0, '피아노구매', '', 'Y', 'ksw005');
insert into Bucketlist_tb values(bucketlist_seq.nextVal, '세계일주 하기', '죽기전에', 3, 10, '꼭 가야지', '돈이 없음', 'N', 'ksw005');
insert into Bucketlist_tb values(bucketlist_seq.nextVal, '기부하기', '죽기전에', 2, 0, '어떤곳에 기부할지 정하기', '', 'Y', 'ksw005');
insert into Bucketlist_tb values(bucketlist_seq.nextVal, '창업하기', '20년안에', 1, 0, '사업아이템 구상하기', '', 'Y', 'ksw005');
insert into Bucketlist_tb values(bucketlist_seq.nextVal, '악기배우기', '1년안에', 1, 10, '', '피아노를 배우고 싶어요', 'N', 'ksw005');
insert into Bucketlist_tb values(bucketlist_seq.nextVal, '책 30권 읽기', '6개월안에', 2, 20, '24권 남음', '', 'Y', 'ksw005');
insert into Bucketlist_tb values(bucketlist_seq.nextVal, '유럽여행가기', '1년안에', 3, 10, '', '다녀오신분들 정보 좀 공유해주세요', 'N', 'ksw005');
insert into Bucketlist_tb values(bucketlist_seq.nextVal, '소설쓰기', '5년안에', 3, 5, '', '', 'Y', 'ksw005');
insert into Bucketlist_tb values(bucketlist_seq.nextVal, '작곡/작사 해보기', '10년안에', 4, 0, '', '어떤 공부를 해야하는 지 알려주세요', 'N', 'ksw005');
insert into Bucketlist_tb values(bucketlist_seq.nextVal, '유람선 타보기', '10년안에', 5, 0, '계정 만들기', '', 'Y', 'ksw005');
insert into bucketconn_tb values(61, '사진');
insert into bucketconn_tb values(62, '악기');
insert into bucketconn_tb values(62, '기타');
insert into bucketconn_tb values(63, '포토샵');
insert into bucketconn_tb values(64, '여행');
insert into bucketconn_tb values(64, '중국여행');
insert into bucketconn_tb values(65, '여행');
insert into bucketconn_tb values(65, '일본여행');
insert into bucketconn_tb values(66, '자기계발');
insert into bucketconn_tb values(67, '여행');
insert into bucketconn_tb values(68, '기부');
insert into bucketconn_tb values(69, '창업');
insert into bucketconn_tb values(70, '악기');
insert into bucketconn_tb values(70, '피아노');
insert into bucketconn_tb values(71, '독서');
insert into bucketconn_tb values(72, '여행');
insert into bucketconn_tb values(72, '유럽여행');
insert into bucketconn_tb values(73, '소설');
insert into bucketconn_tb values(74, '작곡');
insert into bucketconn_tb values(74, '작사');
insert into bucketconn_tb values(75, '유람선');

insert into Bucketlist_tb values(bucketlist_seq.nextVal, '사진잘찍기', '2월까지', 1, 60, '1. 카메라 사기 2. 돈모으기', '꿀팁추천해주세요', 'N', 'ksw006');
insert into Bucketlist_tb values(bucketlist_seq.nextVal, '버스킹 하기', '2년안에', 3, 40, '중식 조리 서적 구매', '', 'Y', 'ksw006');
insert into Bucketlist_tb values(bucketlist_seq.nextVal, '포토샵 고수', '3년안에', 4, 10, '가능할까?', '', 'Y', 'ksw006');
insert into Bucketlist_tb values(bucketlist_seq.nextVal, '중국여행가기', '죽기전에', 2, 40, '꼭 가야지', '가야할 장소 추천해주세요', 'N', 'ksw006');
insert into Bucketlist_tb values(bucketlist_seq.nextVal, '일본여행가기', '죽기전에', 1, 0, '구체적인 계획없음', '', 'Y', 'ksw006');
insert into Bucketlist_tb values(bucketlist_seq.nextVal, '피아노곡 3곡 연주하기', '4년안에', 5, 0, '피아노구매', '', 'Y', 'ksw006');
insert into Bucketlist_tb values(bucketlist_seq.nextVal, '세계일주 하기', '죽기전에', 3, 10, '꼭 가야지', '돈이 없음', 'N', 'ksw006');
insert into Bucketlist_tb values(bucketlist_seq.nextVal, '기부하기', '죽기전에', 2, 0, '어떤곳에 기부할지 정하기', '', 'Y', 'ksw006');
insert into Bucketlist_tb values(bucketlist_seq.nextVal, '창업하기', '20년안에', 1, 0, '사업아이템 구상하기', '', 'Y', 'ksw006');
insert into Bucketlist_tb values(bucketlist_seq.nextVal, '악기배우기', '1년안에', 1, 10, '', '피아노를 배우고 싶어요', 'N', 'ksw006');
insert into Bucketlist_tb values(bucketlist_seq.nextVal, '책 30권 읽기', '6개월안에', 2, 20, '24권 남음', '', 'Y', 'ksw006');
insert into Bucketlist_tb values(bucketlist_seq.nextVal, '유럽여행가기', '1년안에', 3, 10, '', '다녀오신분들 정보 좀 공유해주세요', 'N', 'ksw006');
insert into Bucketlist_tb values(bucketlist_seq.nextVal, '소설쓰기', '5년안에', 3, 5, '', '', 'Y', 'ksw006');
insert into Bucketlist_tb values(bucketlist_seq.nextVal, '작곡/작사 해보기', '10년안에', 4, 0, '', '어떤 공부를 해야하는 지 알려주세요', 'N', 'ksw006');
insert into Bucketlist_tb values(bucketlist_seq.nextVal, '유람선 타보기', '10년안에', 5, 0, '계정 만들기', '', 'Y', 'ksw006');
insert into bucketconn_tb values(76, '사진');
insert into bucketconn_tb values(77, '악기');
insert into bucketconn_tb values(77, '기타');
insert into bucketconn_tb values(78, '포토샵');
insert into bucketconn_tb values(79, '여행');
insert into bucketconn_tb values(79, '중국여행');
insert into bucketconn_tb values(80, '여행');
insert into bucketconn_tb values(80, '일본여행');
insert into bucketconn_tb values(81, '자기계발');
insert into bucketconn_tb values(82, '여행');
insert into bucketconn_tb values(83, '기부');
insert into bucketconn_tb values(84, '창업');
insert into bucketconn_tb values(85, '악기');
insert into bucketconn_tb values(85, '피아노');
insert into bucketconn_tb values(86, '독서');
insert into bucketconn_tb values(87, '여행');
insert into bucketconn_tb values(87, '유럽여행');
insert into bucketconn_tb values(88, '소설');
insert into bucketconn_tb values(89, '작곡');
insert into bucketconn_tb values(89, '작사');
insert into bucketconn_tb values(90, '유람선');

insert into Bucketlist_tb values(bucketlist_seq.nextVal, '사진잘찍기', '2월까지', 1, 60, '1. 카메라 사기 2. 돈모으기', '꿀팁추천해주세요', 'N', 'ksw007');
insert into Bucketlist_tb values(bucketlist_seq.nextVal, '버스킹 하기', '2년안에', 3, 40, '중식 조리 서적 구매', '', 'Y', 'ksw007');
insert into Bucketlist_tb values(bucketlist_seq.nextVal, '포토샵 고수', '3년안에', 4, 10, '가능할까?', '', 'Y', 'ksw007');
insert into Bucketlist_tb values(bucketlist_seq.nextVal, '중국여행가기', '죽기전에', 2, 40, '꼭 가야지', '가야할 장소 추천해주세요', 'N', 'ksw007');
insert into Bucketlist_tb values(bucketlist_seq.nextVal, '일본여행가기', '죽기전에', 1, 0, '구체적인 계획없음', '', 'Y', 'ksw007');
insert into Bucketlist_tb values(bucketlist_seq.nextVal, '피아노곡 3곡 연주하기', '4년안에', 5, 0, '피아노구매', '', 'Y', 'ksw007');
insert into Bucketlist_tb values(bucketlist_seq.nextVal, '세계일주 하기', '죽기전에', 3, 10, '꼭 가야지', '돈이 없음', 'N', 'ksw007');
insert into Bucketlist_tb values(bucketlist_seq.nextVal, '기부하기', '죽기전에', 2, 0, '어떤곳에 기부할지 정하기', '', 'Y', 'ksw007');
insert into Bucketlist_tb values(bucketlist_seq.nextVal, '창업하기', '20년안에', 1, 0, '사업아이템 구상하기', '', 'Y', 'ksw007');
insert into Bucketlist_tb values(bucketlist_seq.nextVal, '악기배우기', '1년안에', 1, 10, '', '피아노를 배우고 싶어요', 'N', 'ksw007');
insert into Bucketlist_tb values(bucketlist_seq.nextVal, '책 30권 읽기', '6개월안에', 2, 20, '24권 남음', '', 'Y', 'ksw007');
insert into Bucketlist_tb values(bucketlist_seq.nextVal, '유럽여행가기', '1년안에', 3, 10, '', '다녀오신분들 정보 좀 공유해주세요', 'N', 'ksw007');
insert into Bucketlist_tb values(bucketlist_seq.nextVal, '소설쓰기', '5년안에', 3, 5, '', '', 'Y', 'ksw007');
insert into Bucketlist_tb values(bucketlist_seq.nextVal, '작곡/작사 해보기', '10년안에', 4, 0, '', '어떤 공부를 해야하는 지 알려주세요', 'N', 'ksw007');
insert into Bucketlist_tb values(bucketlist_seq.nextVal, '유람선 타보기', '10년안에', 5, 0, '계정 만들기', '', 'Y', 'ksw007');
insert into bucketconn_tb values(91, '사진');
insert into bucketconn_tb values(92, '악기');
insert into bucketconn_tb values(92, '기타');
insert into bucketconn_tb values(93, '포토샵');
insert into bucketconn_tb values(94, '여행');
insert into bucketconn_tb values(94, '중국여행');
insert into bucketconn_tb values(95, '여행');
insert into bucketconn_tb values(95, '일본여행');
insert into bucketconn_tb values(96, '자기계발');
insert into bucketconn_tb values(97, '여행');
insert into bucketconn_tb values(98, '기부');
insert into bucketconn_tb values(99, '창업');
insert into bucketconn_tb values(100, '악기');
insert into bucketconn_tb values(100, '피아노');
insert into bucketconn_tb values(101, '독서');
insert into bucketconn_tb values(102, '여행');
insert into bucketconn_tb values(102, '유럽여행');
insert into bucketconn_tb values(103, '소설');
insert into bucketconn_tb values(104, '작곡');
insert into bucketconn_tb values(104, '작사');
insert into bucketconn_tb values(105, '유람선');

insert into Bucketlist_tb values(bucketlist_seq.nextVal, '사진잘찍기', '2월까지', 1, 60, '1. 카메라 사기 2. 돈모으기', '꿀팁추천해주세요', 'N', 'ksw008');
insert into Bucketlist_tb values(bucketlist_seq.nextVal, '버스킹 하기', '2년안에', 3, 40, '중식 조리 서적 구매', '', 'Y', 'ksw008');
insert into Bucketlist_tb values(bucketlist_seq.nextVal, '포토샵 고수', '3년안에', 4, 10, '가능할까?', '', 'Y', 'ksw008');
insert into Bucketlist_tb values(bucketlist_seq.nextVal, '중국여행가기', '죽기전에', 2, 40, '꼭 가야지', '가야할 장소 추천해주세요', 'N', 'ksw008');
insert into Bucketlist_tb values(bucketlist_seq.nextVal, '일본여행가기', '죽기전에', 1, 0, '구체적인 계획없음', '', 'Y', 'ksw008');
insert into Bucketlist_tb values(bucketlist_seq.nextVal, '피아노곡 3곡 연주하기', '4년안에', 5, 0, '피아노구매', '', 'Y', 'ksw008');
insert into Bucketlist_tb values(bucketlist_seq.nextVal, '세계일주 하기', '죽기전에', 3, 10, '꼭 가야지', '돈이 없음', 'N', 'ksw008');
insert into Bucketlist_tb values(bucketlist_seq.nextVal, '기부하기', '죽기전에', 2, 0, '어떤곳에 기부할지 정하기', '', 'Y', 'ksw008');
insert into Bucketlist_tb values(bucketlist_seq.nextVal, '창업하기', '20년안에', 1, 0, '사업아이템 구상하기', '', 'Y', 'ksw008');
insert into Bucketlist_tb values(bucketlist_seq.nextVal, '악기배우기', '1년안에', 1, 10, '', '피아노를 배우고 싶어요', 'N', 'ksw008');
insert into Bucketlist_tb values(bucketlist_seq.nextVal, '책 30권 읽기', '6개월안에', 2, 20, '24권 남음', '', 'Y', 'ksw008');
insert into Bucketlist_tb values(bucketlist_seq.nextVal, '유럽여행가기', '1년안에', 3, 10, '', '다녀오신분들 정보 좀 공유해주세요', 'N', 'ksw008');
insert into Bucketlist_tb values(bucketlist_seq.nextVal, '소설쓰기', '5년안에', 3, 5, '', '', 'Y', 'ksw008');
insert into Bucketlist_tb values(bucketlist_seq.nextVal, '작곡/작사 해보기', '10년안에', 4, 0, '', '어떤 공부를 해야하는 지 알려주세요', 'N', 'ksw008');
insert into Bucketlist_tb values(bucketlist_seq.nextVal, '유람선 타보기', '10년안에', 5, 0, '계정 만들기', '', 'Y', 'ksw008');
insert into bucketconn_tb values(106, '사진');
insert into bucketconn_tb values(107, '악기');
insert into bucketconn_tb values(107, '기타');
insert into bucketconn_tb values(108, '포토샵');
insert into bucketconn_tb values(109, '여행');
insert into bucketconn_tb values(108, '중국여행');
insert into bucketconn_tb values(110, '여행');
insert into bucketconn_tb values(110, '일본여행');
insert into bucketconn_tb values(111, '자기계발');
insert into bucketconn_tb values(112, '여행');
insert into bucketconn_tb values(113, '기부');
insert into bucketconn_tb values(114, '창업');
insert into bucketconn_tb values(115, '악기');
insert into bucketconn_tb values(115, '피아노');
insert into bucketconn_tb values(116, '독서');
insert into bucketconn_tb values(117, '여행');
insert into bucketconn_tb values(117, '유럽여행');
insert into bucketconn_tb values(118, '소설');
insert into bucketconn_tb values(119, '작곡');
insert into bucketconn_tb values(119, '작사');
insert into bucketconn_tb values(120, '유람선');

insert into Bucketlist_tb values(bucketlist_seq.nextVal, '사진잘찍기', '2월까지', 1, 60, '1. 카메라 사기 2. 돈모으기', '꿀팁추천해주세요', 'N', 'ksw009');
insert into Bucketlist_tb values(bucketlist_seq.nextVal, '버스킹 하기', '2년안에', 3, 40, '중식 조리 서적 구매', '', 'Y', 'ksw009');
insert into Bucketlist_tb values(bucketlist_seq.nextVal, '포토샵 고수', '3년안에', 4, 10, '가능할까?', '', 'Y', 'ksw009');
insert into Bucketlist_tb values(bucketlist_seq.nextVal, '중국여행가기', '죽기전에', 2, 40, '꼭 가야지', '가야할 장소 추천해주세요', 'N', 'ksw009');
insert into Bucketlist_tb values(bucketlist_seq.nextVal, '일본여행가기', '죽기전에', 1, 0, '구체적인 계획없음', '', 'Y', 'ksw009');
insert into Bucketlist_tb values(bucketlist_seq.nextVal, '피아노곡 3곡 연주하기', '4년안에', 5, 0, '피아노구매', '', 'Y', 'ksw009');
insert into Bucketlist_tb values(bucketlist_seq.nextVal, '세계일주 하기', '죽기전에', 3, 10, '꼭 가야지', '돈이 없음', 'N', 'ksw009');
insert into Bucketlist_tb values(bucketlist_seq.nextVal, '기부하기', '죽기전에', 2, 0, '어떤곳에 기부할지 정하기', '', 'Y', 'ksw009');
insert into Bucketlist_tb values(bucketlist_seq.nextVal, '창업하기', '20년안에', 1, 0, '사업아이템 구상하기', '', 'Y', 'ksw009');
insert into Bucketlist_tb values(bucketlist_seq.nextVal, '악기배우기', '1년안에', 1, 10, '', '피아노를 배우고 싶어요', 'N', 'ksw009');
insert into Bucketlist_tb values(bucketlist_seq.nextVal, '책 30권 읽기', '6개월안에', 2, 20, '24권 남음', '', 'Y', 'ksw009');
insert into Bucketlist_tb values(bucketlist_seq.nextVal, '유럽여행가기', '1년안에', 3, 10, '', '다녀오신분들 정보 좀 공유해주세요', 'N', 'ksw009');
insert into Bucketlist_tb values(bucketlist_seq.nextVal, '소설쓰기', '5년안에', 3, 5, '', '', 'Y', 'ksw009');
insert into Bucketlist_tb values(bucketlist_seq.nextVal, '작곡/작사 해보기', '10년안에', 4, 0, '', '어떤 공부를 해야하는 지 알려주세요', 'N', 'ksw009');
insert into Bucketlist_tb values(bucketlist_seq.nextVal, '유람선 타보기', '10년안에', 5, 0, '계정 만들기', '', 'Y', 'ksw009');
insert into bucketconn_tb values(121, '사진');
insert into bucketconn_tb values(122, '악기');
insert into bucketconn_tb values(122, '기타');
insert into bucketconn_tb values(123, '포토샵');
insert into bucketconn_tb values(124, '여행');
insert into bucketconn_tb values(124, '중국여행');
insert into bucketconn_tb values(125, '여행');
insert into bucketconn_tb values(125, '일본여행');
insert into bucketconn_tb values(126, '자기계발');
insert into bucketconn_tb values(127, '여행');
insert into bucketconn_tb values(128, '기부');
insert into bucketconn_tb values(129, '창업');
insert into bucketconn_tb values(130, '악기');
insert into bucketconn_tb values(130, '피아노');
insert into bucketconn_tb values(131, '독서');
insert into bucketconn_tb values(132, '여행');
insert into bucketconn_tb values(132, '유럽여행');
insert into bucketconn_tb values(133, '소설');
insert into bucketconn_tb values(134, '작곡');
insert into bucketconn_tb values(134, '작사');
insert into bucketconn_tb values(135, '유람선');

insert into Bucketlist_tb values(bucketlist_seq.nextVal, '사진잘찍기', '2월까지', 1, 60, '1. 카메라 사기 2. 돈모으기', '꿀팁추천해주세요', 'N', 'ksw010');
insert into Bucketlist_tb values(bucketlist_seq.nextVal, '버스킹 하기', '2년안에', 3, 40, '중식 조리 서적 구매', '', 'Y', 'ksw010');
insert into Bucketlist_tb values(bucketlist_seq.nextVal, '포토샵 고수', '3년안에', 4, 10, '가능할까?', '', 'Y', 'ksw010');
insert into Bucketlist_tb values(bucketlist_seq.nextVal, '중국여행가기', '죽기전에', 2, 40, '꼭 가야지', '가야할 장소 추천해주세요', 'N', 'ksw010');
insert into Bucketlist_tb values(bucketlist_seq.nextVal, '일본여행가기', '죽기전에', 1, 0, '구체적인 계획없음', '', 'Y', 'ksw010');
insert into Bucketlist_tb values(bucketlist_seq.nextVal, '피아노곡 3곡 연주하기', '4년안에', 5, 0, '피아노구매', '', 'Y', 'ksw010');
insert into Bucketlist_tb values(bucketlist_seq.nextVal, '세계일주 하기', '죽기전에', 3, 10, '꼭 가야지', '돈이 없음', 'N', 'ksw010');
insert into Bucketlist_tb values(bucketlist_seq.nextVal, '기부하기', '죽기전에', 2, 0, '어떤곳에 기부할지 정하기', '', 'Y', 'ksw010');
insert into Bucketlist_tb values(bucketlist_seq.nextVal, '창업하기', '20년안에', 1, 0, '사업아이템 구상하기', '', 'Y', 'ksw010');
insert into Bucketlist_tb values(bucketlist_seq.nextVal, '악기배우기', '1년안에', 1, 10, '', '피아노를 배우고 싶어요', 'N', 'ksw010');
insert into Bucketlist_tb values(bucketlist_seq.nextVal, '책 30권 읽기', '6개월안에', 2, 20, '24권 남음', '', 'Y', 'ksw010');
insert into Bucketlist_tb values(bucketlist_seq.nextVal, '유럽여행가기', '1년안에', 3, 10, '', '다녀오신분들 정보 좀 공유해주세요', 'N', 'ksw010');
insert into Bucketlist_tb values(bucketlist_seq.nextVal, '소설쓰기', '5년안에', 3, 5, '', '', 'Y', 'ksw010');
insert into Bucketlist_tb values(bucketlist_seq.nextVal, '작곡/작사 해보기', '10년안에', 4, 0, '', '어떤 공부를 해야하는 지 알려주세요', 'N', 'ksw010');
insert into Bucketlist_tb values(bucketlist_seq.nextVal, '유람선 타보기', '10년안에', 5, 0, '계정 만들기', '', 'Y', 'ksw010');
insert into bucketconn_tb values(136, '사진');
insert into bucketconn_tb values(137, '악기');
insert into bucketconn_tb values(137, '기타');
insert into bucketconn_tb values(138, '포토샵');
insert into bucketconn_tb values(139, '여행');
insert into bucketconn_tb values(139, '중국여행');
insert into bucketconn_tb values(140, '여행');
insert into bucketconn_tb values(140, '일본여행');
insert into bucketconn_tb values(141, '자기계발');
insert into bucketconn_tb values(142, '여행');
insert into bucketconn_tb values(143, '기부');
insert into bucketconn_tb values(144, '창업');
insert into bucketconn_tb values(145, '악기');
insert into bucketconn_tb values(145, '피아노');
insert into bucketconn_tb values(146, '독서');
insert into bucketconn_tb values(147, '여행');
insert into bucketconn_tb values(147, '유럽여행');
insert into bucketconn_tb values(148, '소설');
insert into bucketconn_tb values(149, '작곡');
insert into bucketconn_tb values(149, '작사');
insert into bucketconn_tb values(150, '유람선');

insert into Bucketlist_tb values(bucketlist_seq.nextVal, '사진잘찍기', '2월까지', 1, 60, '1. 카메라 사기 2. 돈모으기', '꿀팁추천해주세요', 'N', 'ksw011');
insert into Bucketlist_tb values(bucketlist_seq.nextVal, '버스킹 하기', '2년안에', 3, 40, '중식 조리 서적 구매', '', 'Y', 'ksw011');
insert into Bucketlist_tb values(bucketlist_seq.nextVal, '포토샵 고수', '3년안에', 4, 10, '가능할까?', '', 'Y', 'ksw011');
insert into Bucketlist_tb values(bucketlist_seq.nextVal, '중국여행가기', '죽기전에', 2, 40, '꼭 가야지', '가야할 장소 추천해주세요', 'N', 'ksw011');
insert into Bucketlist_tb values(bucketlist_seq.nextVal, '일본여행가기', '죽기전에', 1, 0, '구체적인 계획없음', '', 'Y', 'ksw011');
insert into Bucketlist_tb values(bucketlist_seq.nextVal, '피아노곡 3곡 연주하기', '4년안에', 5, 0, '피아노구매', '', 'Y', 'ksw011');
insert into Bucketlist_tb values(bucketlist_seq.nextVal, '세계일주 하기', '죽기전에', 3, 10, '꼭 가야지', '돈이 없음', 'N', 'ksw011');
insert into Bucketlist_tb values(bucketlist_seq.nextVal, '기부하기', '죽기전에', 2, 0, '어떤곳에 기부할지 정하기', '', 'Y', 'ksw011');
insert into Bucketlist_tb values(bucketlist_seq.nextVal, '창업하기', '20년안에', 1, 0, '사업아이템 구상하기', '', 'Y', 'ksw011');
insert into Bucketlist_tb values(bucketlist_seq.nextVal, '악기배우기', '1년안에', 1, 10, '', '피아노를 배우고 싶어요', 'N', 'ksw011');
insert into Bucketlist_tb values(bucketlist_seq.nextVal, '책 30권 읽기', '6개월안에', 2, 20, '24권 남음', '', 'Y', 'ksw011');
insert into Bucketlist_tb values(bucketlist_seq.nextVal, '유럽여행가기', '1년안에', 3, 10, '', '다녀오신분들 정보 좀 공유해주세요', 'N', 'ksw011');
insert into Bucketlist_tb values(bucketlist_seq.nextVal, '소설쓰기', '5년안에', 3, 5, '', '', 'Y', 'ksw011');
insert into Bucketlist_tb values(bucketlist_seq.nextVal, '작곡/작사 해보기', '10년안에', 4, 0, '', '어떤 공부를 해야하는 지 알려주세요', 'N', 'ksw011');
insert into Bucketlist_tb values(bucketlist_seq.nextVal, '유람선 타보기', '10년안에', 5, 0, '계정 만들기', '', 'Y', 'ksw011');
insert into bucketconn_tb values(151, '사진');
insert into bucketconn_tb values(152, '악기');
insert into bucketconn_tb values(152, '기타');
insert into bucketconn_tb values(153, '포토샵');
insert into bucketconn_tb values(154, '여행');
insert into bucketconn_tb values(154, '중국여행');
insert into bucketconn_tb values(155, '여행');
insert into bucketconn_tb values(155, '일본여행');
insert into bucketconn_tb values(156, '자기계발');
insert into bucketconn_tb values(157, '여행');
insert into bucketconn_tb values(158, '기부');
insert into bucketconn_tb values(159, '창업');
insert into bucketconn_tb values(160, '악기');
insert into bucketconn_tb values(160, '피아노');
insert into bucketconn_tb values(161, '독서');
insert into bucketconn_tb values(162, '여행');
insert into bucketconn_tb values(162, '유럽여행');
insert into bucketconn_tb values(163, '소설');
insert into bucketconn_tb values(164, '작곡');
insert into bucketconn_tb values(164, '작사');
insert into bucketconn_tb values(165, '유람선');

insert into Bucketlist_tb values(bucketlist_seq.nextVal, '사진잘찍기', '2월까지', 1, 60, '1. 카메라 사기 2. 돈모으기', '꿀팁추천해주세요', 'N', 'ksw012');
insert into Bucketlist_tb values(bucketlist_seq.nextVal, '버스킹 하기', '2년안에', 3, 40, '중식 조리 서적 구매', '', 'Y', 'ksw012');
insert into Bucketlist_tb values(bucketlist_seq.nextVal, '포토샵 고수', '3년안에', 4, 10, '가능할까?', '', 'Y', 'ksw012');
insert into Bucketlist_tb values(bucketlist_seq.nextVal, '중국여행가기', '죽기전에', 2, 40, '꼭 가야지', '가야할 장소 추천해주세요', 'N', 'ksw012');
insert into Bucketlist_tb values(bucketlist_seq.nextVal, '일본여행가기', '죽기전에', 1, 0, '구체적인 계획없음', '', 'Y', 'ksw012');
insert into Bucketlist_tb values(bucketlist_seq.nextVal, '피아노곡 3곡 연주하기', '4년안에', 5, 0, '피아노구매', '', 'Y', 'ksw012');
insert into Bucketlist_tb values(bucketlist_seq.nextVal, '세계일주 하기', '죽기전에', 3, 10, '꼭 가야지', '돈이 없음', 'N', 'ksw012');
insert into Bucketlist_tb values(bucketlist_seq.nextVal, '기부하기', '죽기전에', 2, 0, '어떤곳에 기부할지 정하기', '', 'Y', 'ksw012');
insert into Bucketlist_tb values(bucketlist_seq.nextVal, '창업하기', '20년안에', 1, 0, '사업아이템 구상하기', '', 'Y', 'ksw012');
insert into Bucketlist_tb values(bucketlist_seq.nextVal, '악기배우기', '1년안에', 1, 10, '', '피아노를 배우고 싶어요', 'N', 'ksw012');
insert into Bucketlist_tb values(bucketlist_seq.nextVal, '책 30권 읽기', '6개월안에', 2, 20, '24권 남음', '', 'Y', 'ksw012');
insert into Bucketlist_tb values(bucketlist_seq.nextVal, '유럽여행가기', '1년안에', 3, 10, '', '다녀오신분들 정보 좀 공유해주세요', 'N', 'ksw012');
insert into Bucketlist_tb values(bucketlist_seq.nextVal, '소설쓰기', '5년안에', 3, 5, '', '', 'Y', 'ksw012');
insert into Bucketlist_tb values(bucketlist_seq.nextVal, '작곡/작사 해보기', '10년안에', 4, 0, '', '어떤 공부를 해야하는 지 알려주세요', 'N', 'ksw012');
insert into Bucketlist_tb values(bucketlist_seq.nextVal, '유람선 타보기', '10년안에', 5, 0, '계정 만들기', '', 'Y', 'ksw012');
insert into bucketconn_tb values(166, '사진');
insert into bucketconn_tb values(167, '악기');
insert into bucketconn_tb values(167, '기타');
insert into bucketconn_tb values(168, '포토샵');
insert into bucketconn_tb values(169, '여행');
insert into bucketconn_tb values(169, '중국여행');
insert into bucketconn_tb values(170, '여행');
insert into bucketconn_tb values(170, '일본여행');
insert into bucketconn_tb values(171, '자기계발');
insert into bucketconn_tb values(172, '여행');
insert into bucketconn_tb values(173, '기부');
insert into bucketconn_tb values(174, '창업');
insert into bucketconn_tb values(175, '악기');
insert into bucketconn_tb values(175, '피아노');
insert into bucketconn_tb values(176, '독서');
insert into bucketconn_tb values(177, '여행');
insert into bucketconn_tb values(177, '유럽여행');
insert into bucketconn_tb values(178, '소설');
insert into bucketconn_tb values(179, '작곡');
insert into bucketconn_tb values(179, '작사');
insert into bucketconn_tb values(180, '유람선');

insert into Bucketlist_tb values(bucketlist_seq.nextVal, '사진잘찍기', '2월까지', 1, 60, '1. 카메라 사기 2. 돈모으기', '꿀팁추천해주세요', 'N', 'ksw013');
insert into Bucketlist_tb values(bucketlist_seq.nextVal, '버스킹 하기', '2년안에', 3, 40, '중식 조리 서적 구매', '', 'Y', 'ksw013');
insert into Bucketlist_tb values(bucketlist_seq.nextVal, '포토샵 고수', '3년안에', 4, 10, '가능할까?', '', 'Y', 'ksw013');
insert into Bucketlist_tb values(bucketlist_seq.nextVal, '중국여행가기', '죽기전에', 2, 40, '꼭 가야지', '가야할 장소 추천해주세요', 'N', 'ksw013');
insert into Bucketlist_tb values(bucketlist_seq.nextVal, '일본여행가기', '죽기전에', 1, 0, '구체적인 계획없음', '', 'Y', 'ksw013');
insert into Bucketlist_tb values(bucketlist_seq.nextVal, '피아노곡 3곡 연주하기', '4년안에', 5, 0, '피아노구매', '', 'Y', 'ksw013');
insert into Bucketlist_tb values(bucketlist_seq.nextVal, '세계일주 하기', '죽기전에', 3, 10, '꼭 가야지', '돈이 없음', 'N', 'ksw013');
insert into Bucketlist_tb values(bucketlist_seq.nextVal, '기부하기', '죽기전에', 2, 0, '어떤곳에 기부할지 정하기', '', 'Y', 'ksw013');
insert into Bucketlist_tb values(bucketlist_seq.nextVal, '창업하기', '20년안에', 1, 0, '사업아이템 구상하기', '', 'Y', 'ksw013');
insert into Bucketlist_tb values(bucketlist_seq.nextVal, '악기배우기', '1년안에', 1, 10, '', '피아노를 배우고 싶어요', 'N', 'ksw013');
insert into Bucketlist_tb values(bucketlist_seq.nextVal, '책 30권 읽기', '6개월안에', 2, 20, '24권 남음', '', 'Y', 'ksw013');
insert into Bucketlist_tb values(bucketlist_seq.nextVal, '유럽여행가기', '1년안에', 3, 10, '', '다녀오신분들 정보 좀 공유해주세요', 'N', 'ksw013');
insert into Bucketlist_tb values(bucketlist_seq.nextVal, '소설쓰기', '5년안에', 3, 5, '', '', 'Y', 'ksw013');
insert into Bucketlist_tb values(bucketlist_seq.nextVal, '작곡/작사 해보기', '10년안에', 4, 0, '', '어떤 공부를 해야하는 지 알려주세요', 'N', 'ksw013');
insert into Bucketlist_tb values(bucketlist_seq.nextVal, '유람선 타보기', '10년안에', 5, 0, '계정 만들기', '', 'Y', 'ksw013');
insert into bucketconn_tb values(181, '사진');
insert into bucketconn_tb values(182, '악기');
insert into bucketconn_tb values(182, '기타');
insert into bucketconn_tb values(183, '포토샵');
insert into bucketconn_tb values(184, '여행');
insert into bucketconn_tb values(184, '중국여행');
insert into bucketconn_tb values(185, '여행');
insert into bucketconn_tb values(185, '일본여행');
insert into bucketconn_tb values(186, '자기계발');
insert into bucketconn_tb values(187, '여행');
insert into bucketconn_tb values(188, '기부');
insert into bucketconn_tb values(189, '창업');
insert into bucketconn_tb values(190, '악기');
insert into bucketconn_tb values(190, '피아노');
insert into bucketconn_tb values(191, '독서');
insert into bucketconn_tb values(192, '여행');
insert into bucketconn_tb values(192, '유럽여행');
insert into bucketconn_tb values(193, '소설');
insert into bucketconn_tb values(194, '작곡');
insert into bucketconn_tb values(194, '작사');
insert into bucketconn_tb values(195, '유람선');

insert into Bucketlist_tb values(bucketlist_seq.nextVal, '사진잘찍기', '2월까지', 1, 60, '1. 카메라 사기 2. 돈모으기', '꿀팁추천해주세요', 'N', 'ksw014');
insert into Bucketlist_tb values(bucketlist_seq.nextVal, '버스킹 하기', '2년안에', 3, 40, '중식 조리 서적 구매', '', 'Y', 'ksw014');
insert into Bucketlist_tb values(bucketlist_seq.nextVal, '포토샵 고수', '3년안에', 4, 10, '가능할까?', '', 'Y', 'ksw014');
insert into Bucketlist_tb values(bucketlist_seq.nextVal, '중국여행가기', '죽기전에', 2, 40, '꼭 가야지', '가야할 장소 추천해주세요', 'N', 'ksw014');
insert into Bucketlist_tb values(bucketlist_seq.nextVal, '일본여행가기', '죽기전에', 1, 0, '구체적인 계획없음', '', 'Y', 'ksw014');
insert into Bucketlist_tb values(bucketlist_seq.nextVal, '피아노곡 3곡 연주하기', '4년안에', 5, 0, '피아노구매', '', 'Y', 'ksw014');
insert into Bucketlist_tb values(bucketlist_seq.nextVal, '세계일주 하기', '죽기전에', 3, 10, '꼭 가야지', '돈이 없음', 'N', 'ksw014');
insert into Bucketlist_tb values(bucketlist_seq.nextVal, '기부하기', '죽기전에', 2, 0, '어떤곳에 기부할지 정하기', '', 'Y', 'ksw014');
insert into Bucketlist_tb values(bucketlist_seq.nextVal, '창업하기', '20년안에', 1, 0, '사업아이템 구상하기', '', 'Y', 'ksw014');
insert into Bucketlist_tb values(bucketlist_seq.nextVal, '악기배우기', '1년안에', 1, 10, '', '피아노를 배우고 싶어요', 'N', 'ksw014');
insert into Bucketlist_tb values(bucketlist_seq.nextVal, '책 30권 읽기', '6개월안에', 2, 20, '24권 남음', '', 'Y', 'ksw014');
insert into Bucketlist_tb values(bucketlist_seq.nextVal, '유럽여행가기', '1년안에', 3, 10, '', '다녀오신분들 정보 좀 공유해주세요', 'N', 'ksw014');
insert into Bucketlist_tb values(bucketlist_seq.nextVal, '소설쓰기', '5년안에', 3, 5, '', '', 'Y', 'ksw014');
insert into Bucketlist_tb values(bucketlist_seq.nextVal, '작곡/작사 해보기', '10년안에', 4, 0, '', '어떤 공부를 해야하는 지 알려주세요', 'N', 'ksw014');
insert into Bucketlist_tb values(bucketlist_seq.nextVal, '유람선 타보기', '10년안에', 5, 0, '계정 만들기', '', 'Y', 'ksw014');
insert into bucketconn_tb values(196, '사진');
insert into bucketconn_tb values(197, '악기');
insert into bucketconn_tb values(197, '기타');
insert into bucketconn_tb values(198, '포토샵');
insert into bucketconn_tb values(199, '여행');
insert into bucketconn_tb values(199, '중국여행');
insert into bucketconn_tb values(200, '여행');
insert into bucketconn_tb values(200, '일본여행');
insert into bucketconn_tb values(201, '자기계발');
insert into bucketconn_tb values(202, '여행');
insert into bucketconn_tb values(203, '기부');
insert into bucketconn_tb values(204, '창업');
insert into bucketconn_tb values(205, '악기');
insert into bucketconn_tb values(205, '피아노');
insert into bucketconn_tb values(206, '독서');
insert into bucketconn_tb values(207, '여행');
insert into bucketconn_tb values(207, '유럽여행');
insert into bucketconn_tb values(208, '소설');
insert into bucketconn_tb values(209, '작곡');
insert into bucketconn_tb values(209, '작사');
insert into bucketconn_tb values(210, '유람선');

insert into Bucketlist_tb values(bucketlist_seq.nextVal, '사진잘찍기', '2월까지', 1, 60, '1. 카메라 사기 2. 돈모으기', '꿀팁추천해주세요', 'N', 'ksw015');
insert into Bucketlist_tb values(bucketlist_seq.nextVal, '버스킹 하기', '2년안에', 3, 40, '중식 조리 서적 구매', '', 'Y', 'ksw015');
insert into Bucketlist_tb values(bucketlist_seq.nextVal, '포토샵 고수', '3년안에', 4, 10, '가능할까?', '', 'Y', 'ksw015');
insert into Bucketlist_tb values(bucketlist_seq.nextVal, '중국여행가기', '죽기전에', 2, 40, '꼭 가야지', '가야할 장소 추천해주세요', 'N', 'ksw015');
insert into Bucketlist_tb values(bucketlist_seq.nextVal, '일본여행가기', '죽기전에', 1, 0, '구체적인 계획없음', '', 'Y', 'ksw015');
insert into Bucketlist_tb values(bucketlist_seq.nextVal, '피아노곡 3곡 연주하기', '4년안에', 5, 0, '피아노구매', '', 'Y', 'ksw015');
insert into Bucketlist_tb values(bucketlist_seq.nextVal, '세계일주 하기', '죽기전에', 3, 10, '꼭 가야지', '돈이 없음', 'N', 'ksw015');
insert into Bucketlist_tb values(bucketlist_seq.nextVal, '기부하기', '죽기전에', 2, 0, '어떤곳에 기부할지 정하기', '', 'Y', 'ksw015');
insert into Bucketlist_tb values(bucketlist_seq.nextVal, '창업하기', '20년안에', 1, 0, '사업아이템 구상하기', '', 'Y', 'ksw015');
insert into Bucketlist_tb values(bucketlist_seq.nextVal, '악기배우기', '1년안에', 1, 10, '', '피아노를 배우고 싶어요', 'N', 'ksw015');
insert into Bucketlist_tb values(bucketlist_seq.nextVal, '책 30권 읽기', '6개월안에', 2, 20, '24권 남음', '', 'Y', 'ksw015');
insert into Bucketlist_tb values(bucketlist_seq.nextVal, '유럽여행가기', '1년안에', 3, 10, '', '다녀오신분들 정보 좀 공유해주세요', 'N', 'ksw015');
insert into Bucketlist_tb values(bucketlist_seq.nextVal, '소설쓰기', '5년안에', 3, 5, '', '', 'Y', 'ksw015');
insert into Bucketlist_tb values(bucketlist_seq.nextVal, '작곡/작사 해보기', '10년안에', 4, 0, '', '어떤 공부를 해야하는 지 알려주세요', 'N', 'ksw015');
insert into Bucketlist_tb values(bucketlist_seq.nextVal, '유람선 타보기', '10년안에', 5, 0, '계정 만들기', '', 'Y', 'ksw015');
insert into bucketconn_tb values(211, '사진');
insert into bucketconn_tb values(212, '악기');
insert into bucketconn_tb values(212, '기타');
insert into bucketconn_tb values(213, '포토샵');
insert into bucketconn_tb values(214, '여행');
insert into bucketconn_tb values(214, '중국여행');
insert into bucketconn_tb values(215, '여행');
insert into bucketconn_tb values(215, '일본여행');
insert into bucketconn_tb values(216, '자기계발');
insert into bucketconn_tb values(217, '여행');
insert into bucketconn_tb values(218, '기부');
insert into bucketconn_tb values(219, '창업');
insert into bucketconn_tb values(220, '악기');
insert into bucketconn_tb values(220, '피아노');
insert into bucketconn_tb values(221, '독서');
insert into bucketconn_tb values(222, '여행');
insert into bucketconn_tb values(222, '유럽여행');
insert into bucketconn_tb values(223, '소설');
insert into bucketconn_tb values(224, '작곡');
insert into bucketconn_tb values(224, '작사');
insert into bucketconn_tb values(225, '유람선');

insert into Bucketlist_tb values(bucketlist_seq.nextVal, '사진잘찍기', '2월까지', 1, 60, '1. 카메라 사기 2. 돈모으기', '꿀팁추천해주세요', 'N', 'ksw016');
insert into Bucketlist_tb values(bucketlist_seq.nextVal, '버스킹 하기', '2년안에', 3, 40, '중식 조리 서적 구매', '', 'Y', 'ksw016');
insert into Bucketlist_tb values(bucketlist_seq.nextVal, '포토샵 고수', '3년안에', 4, 10, '가능할까?', '', 'Y', 'ksw016');
insert into Bucketlist_tb values(bucketlist_seq.nextVal, '중국여행가기', '죽기전에', 2, 40, '꼭 가야지', '가야할 장소 추천해주세요', 'N', 'ksw016');
insert into Bucketlist_tb values(bucketlist_seq.nextVal, '일본여행가기', '죽기전에', 1, 0, '구체적인 계획없음', '', 'Y', 'ksw016');
insert into Bucketlist_tb values(bucketlist_seq.nextVal, '피아노곡 3곡 연주하기', '4년안에', 5, 0, '피아노구매', '', 'Y', 'ksw016');
insert into Bucketlist_tb values(bucketlist_seq.nextVal, '세계일주 하기', '죽기전에', 3, 10, '꼭 가야지', '돈이 없음', 'N', 'ksw016');
insert into Bucketlist_tb values(bucketlist_seq.nextVal, '기부하기', '죽기전에', 2, 0, '어떤곳에 기부할지 정하기', '', 'Y', 'ksw016');
insert into Bucketlist_tb values(bucketlist_seq.nextVal, '창업하기', '20년안에', 1, 0, '사업아이템 구상하기', '', 'Y', 'ksw016');
insert into Bucketlist_tb values(bucketlist_seq.nextVal, '악기배우기', '1년안에', 1, 10, '', '피아노를 배우고 싶어요', 'N', 'ksw016');
insert into Bucketlist_tb values(bucketlist_seq.nextVal, '책 30권 읽기', '6개월안에', 2, 20, '24권 남음', '', 'Y', 'ksw016');
insert into Bucketlist_tb values(bucketlist_seq.nextVal, '유럽여행가기', '1년안에', 3, 10, '', '다녀오신분들 정보 좀 공유해주세요', 'N', 'ksw016');
insert into Bucketlist_tb values(bucketlist_seq.nextVal, '소설쓰기', '5년안에', 3, 5, '', '', 'Y', 'ksw016');
insert into Bucketlist_tb values(bucketlist_seq.nextVal, '작곡/작사 해보기', '10년안에', 4, 0, '', '어떤 공부를 해야하는 지 알려주세요', 'N', 'ksw016');
insert into Bucketlist_tb values(bucketlist_seq.nextVal, '유람선 타보기', '10년안에', 5, 0, '계정 만들기', '', 'Y', 'ksw016');
insert into bucketconn_tb values(226, '사진');
insert into bucketconn_tb values(227, '악기');
insert into bucketconn_tb values(227, '기타');
insert into bucketconn_tb values(228, '포토샵');
insert into bucketconn_tb values(229, '여행');
insert into bucketconn_tb values(229, '중국여행');
insert into bucketconn_tb values(230, '여행');
insert into bucketconn_tb values(230, '일본여행');
insert into bucketconn_tb values(231, '자기계발');
insert into bucketconn_tb values(232, '여행');
insert into bucketconn_tb values(233, '기부');
insert into bucketconn_tb values(234, '창업');
insert into bucketconn_tb values(235, '악기');
insert into bucketconn_tb values(235, '피아노');
insert into bucketconn_tb values(236, '독서');
insert into bucketconn_tb values(27, '여행');
insert into bucketconn_tb values(237, '유럽여행');
insert into bucketconn_tb values(238, '소설');
insert into bucketconn_tb values(239, '작곡');
insert into bucketconn_tb values(239, '작사');
insert into bucketconn_tb values(240, '유람선');

insert into Bucketlist_tb values(bucketlist_seq.nextVal, '사진잘찍기', '2월까지', 1, 60, '1. 카메라 사기 2. 돈모으기', '꿀팁추천해주세요', 'N', 'ksw017');
insert into Bucketlist_tb values(bucketlist_seq.nextVal, '버스킹 하기', '2년안에', 3, 40, '중식 조리 서적 구매', '', 'Y', 'ksw017');
insert into Bucketlist_tb values(bucketlist_seq.nextVal, '포토샵 고수', '3년안에', 4, 10, '가능할까?', '', 'Y', 'ksw017');
insert into Bucketlist_tb values(bucketlist_seq.nextVal, '중국여행가기', '죽기전에', 2, 40, '꼭 가야지', '가야할 장소 추천해주세요', 'N', 'ksw017');
insert into Bucketlist_tb values(bucketlist_seq.nextVal, '일본여행가기', '죽기전에', 1, 0, '구체적인 계획없음', '', 'Y', 'ksw017');
insert into Bucketlist_tb values(bucketlist_seq.nextVal, '피아노곡 3곡 연주하기', '4년안에', 5, 0, '피아노구매', '', 'Y', 'ksw017');
insert into Bucketlist_tb values(bucketlist_seq.nextVal, '세계일주 하기', '죽기전에', 3, 10, '꼭 가야지', '돈이 없음', 'N', 'ksw017');
insert into Bucketlist_tb values(bucketlist_seq.nextVal, '기부하기', '죽기전에', 2, 0, '어떤곳에 기부할지 정하기', '', 'Y', 'ksw017');
insert into Bucketlist_tb values(bucketlist_seq.nextVal, '창업하기', '20년안에', 1, 0, '사업아이템 구상하기', '', 'Y', 'ksw017');
insert into Bucketlist_tb values(bucketlist_seq.nextVal, '악기배우기', '1년안에', 1, 10, '', '피아노를 배우고 싶어요', 'N', 'ksw017');
insert into Bucketlist_tb values(bucketlist_seq.nextVal, '책 30권 읽기', '6개월안에', 2, 20, '24권 남음', '', 'Y', 'ksw017');
insert into Bucketlist_tb values(bucketlist_seq.nextVal, '유럽여행가기', '1년안에', 3, 10, '', '다녀오신분들 정보 좀 공유해주세요', 'N', 'ksw017');
insert into Bucketlist_tb values(bucketlist_seq.nextVal, '소설쓰기', '5년안에', 3, 5, '', '', 'Y', 'ksw017');
insert into Bucketlist_tb values(bucketlist_seq.nextVal, '작곡/작사 해보기', '10년안에', 4, 0, '', '어떤 공부를 해야하는 지 알려주세요', 'N', 'ksw017');
insert into Bucketlist_tb values(bucketlist_seq.nextVal, '유람선 타보기', '10년안에', 5, 0, '계정 만들기', '', 'Y', 'ksw017');
insert into bucketconn_tb values(241, '사진');
insert into bucketconn_tb values(242, '악기');
insert into bucketconn_tb values(242, '기타');
insert into bucketconn_tb values(243, '포토샵');
insert into bucketconn_tb values(244, '여행');
insert into bucketconn_tb values(244, '중국여행');
insert into bucketconn_tb values(245, '여행');
insert into bucketconn_tb values(245, '일본여행');
insert into bucketconn_tb values(246, '자기계발');
insert into bucketconn_tb values(247, '여행');
insert into bucketconn_tb values(248, '기부');
insert into bucketconn_tb values(249, '창업');
insert into bucketconn_tb values(250, '악기');
insert into bucketconn_tb values(250, '피아노');
insert into bucketconn_tb values(251, '독서');
insert into bucketconn_tb values(252, '여행');
insert into bucketconn_tb values(252, '유럽여행');
insert into bucketconn_tb values(253, '소설');
insert into bucketconn_tb values(254, '작곡');
insert into bucketconn_tb values(254, '작사');
insert into bucketconn_tb values(255, '유람선');

insert into Bucketlist_tb values(bucketlist_seq.nextVal, '사진잘찍기', '2월까지', 1, 60, '1. 카메라 사기 2. 돈모으기', '꿀팁추천해주세요', 'N', 'ksw018');
insert into Bucketlist_tb values(bucketlist_seq.nextVal, '버스킹 하기', '2년안에', 3, 40, '중식 조리 서적 구매', '', 'Y', 'ksw018');
insert into Bucketlist_tb values(bucketlist_seq.nextVal, '포토샵 고수', '3년안에', 4, 10, '가능할까?', '', 'Y', 'ksw018');
insert into Bucketlist_tb values(bucketlist_seq.nextVal, '중국여행가기', '죽기전에', 2, 40, '꼭 가야지', '가야할 장소 추천해주세요', 'N', 'ksw018');
insert into Bucketlist_tb values(bucketlist_seq.nextVal, '일본여행가기', '죽기전에', 1, 0, '구체적인 계획없음', '', 'Y', 'ksw018');
insert into Bucketlist_tb values(bucketlist_seq.nextVal, '피아노곡 3곡 연주하기', '4년안에', 5, 0, '피아노구매', '', 'Y', 'ksw018');
insert into Bucketlist_tb values(bucketlist_seq.nextVal, '세계일주 하기', '죽기전에', 3, 10, '꼭 가야지', '돈이 없음', 'N', 'ksw018');
insert into Bucketlist_tb values(bucketlist_seq.nextVal, '기부하기', '죽기전에', 2, 0, '어떤곳에 기부할지 정하기', '', 'Y', 'ksw018');
insert into Bucketlist_tb values(bucketlist_seq.nextVal, '창업하기', '20년안에', 1, 0, '사업아이템 구상하기', '', 'Y', 'ksw018');
insert into Bucketlist_tb values(bucketlist_seq.nextVal, '악기배우기', '1년안에', 1, 10, '', '피아노를 배우고 싶어요', 'N', 'ksw018');
insert into Bucketlist_tb values(bucketlist_seq.nextVal, '책 30권 읽기', '6개월안에', 2, 20, '24권 남음', '', 'Y', 'ksw018');
insert into Bucketlist_tb values(bucketlist_seq.nextVal, '유럽여행가기', '1년안에', 3, 10, '', '다녀오신분들 정보 좀 공유해주세요', 'N', 'ksw018');
insert into Bucketlist_tb values(bucketlist_seq.nextVal, '소설쓰기', '5년안에', 3, 5, '', '', 'Y', 'ksw018');
insert into Bucketlist_tb values(bucketlist_seq.nextVal, '작곡/작사 해보기', '10년안에', 4, 0, '', '어떤 공부를 해야하는 지 알려주세요', 'N', 'ksw018');
insert into Bucketlist_tb values(bucketlist_seq.nextVal, '유람선 타보기', '10년안에', 5, 0, '계정 만들기', '', 'Y', 'ksw018');
insert into bucketconn_tb values(256, '사진');
insert into bucketconn_tb values(257, '악기');
insert into bucketconn_tb values(257, '기타');
insert into bucketconn_tb values(258, '포토샵');
insert into bucketconn_tb values(259, '여행');
insert into bucketconn_tb values(259, '중국여행');
insert into bucketconn_tb values(260, '여행');
insert into bucketconn_tb values(260, '일본여행');
insert into bucketconn_tb values(261, '자기계발');
insert into bucketconn_tb values(262, '여행');
insert into bucketconn_tb values(263, '기부');
insert into bucketconn_tb values(264, '창업');
insert into bucketconn_tb values(265, '악기');
insert into bucketconn_tb values(265, '피아노');
insert into bucketconn_tb values(266, '독서');
insert into bucketconn_tb values(267, '여행');
insert into bucketconn_tb values(267, '유럽여행');
insert into bucketconn_tb values(268, '소설');
insert into bucketconn_tb values(269, '작곡');
insert into bucketconn_tb values(269, '작사');
insert into bucketconn_tb values(270, '유람선');

insert into Bucketlist_tb values(bucketlist_seq.nextVal, '사진잘찍기', '2월까지', 1, 60, '1. 카메라 사기 2. 돈모으기', '꿀팁추천해주세요', 'N', 'ksw019');
insert into Bucketlist_tb values(bucketlist_seq.nextVal, '버스킹 하기', '2년안에', 3, 40, '중식 조리 서적 구매', '', 'Y', 'ksw019');
insert into Bucketlist_tb values(bucketlist_seq.nextVal, '포토샵 고수', '3년안에', 4, 10, '가능할까?', '', 'Y', 'ksw019');
insert into Bucketlist_tb values(bucketlist_seq.nextVal, '중국여행가기', '죽기전에', 2, 40, '꼭 가야지', '가야할 장소 추천해주세요', 'N', 'ksw019');
insert into Bucketlist_tb values(bucketlist_seq.nextVal, '일본여행가기', '죽기전에', 1, 0, '구체적인 계획없음', '', 'Y', 'ksw019');
insert into Bucketlist_tb values(bucketlist_seq.nextVal, '피아노곡 3곡 연주하기', '4년안에', 5, 0, '피아노구매', '', 'Y', 'ksw019');
insert into Bucketlist_tb values(bucketlist_seq.nextVal, '세계일주 하기', '죽기전에', 3, 10, '꼭 가야지', '돈이 없음', 'N', 'ksw019');
insert into Bucketlist_tb values(bucketlist_seq.nextVal, '기부하기', '죽기전에', 2, 0, '어떤곳에 기부할지 정하기', '', 'Y', 'ksw019');
insert into Bucketlist_tb values(bucketlist_seq.nextVal, '창업하기', '20년안에', 1, 0, '사업아이템 구상하기', '', 'Y', 'ksw019');
insert into Bucketlist_tb values(bucketlist_seq.nextVal, '악기배우기', '1년안에', 1, 10, '', '피아노를 배우고 싶어요', 'N', 'ksw019');
insert into Bucketlist_tb values(bucketlist_seq.nextVal, '책 30권 읽기', '6개월안에', 2, 20, '24권 남음', '', 'Y', 'ksw019');
insert into Bucketlist_tb values(bucketlist_seq.nextVal, '유럽여행가기', '1년안에', 3, 10, '', '다녀오신분들 정보 좀 공유해주세요', 'N', 'ksw019');
insert into Bucketlist_tb values(bucketlist_seq.nextVal, '소설쓰기', '5년안에', 3, 5, '', '', 'Y', 'ksw019');
insert into Bucketlist_tb values(bucketlist_seq.nextVal, '작곡/작사 해보기', '10년안에', 4, 0, '', '어떤 공부를 해야하는 지 알려주세요', 'N', 'ksw019');
insert into Bucketlist_tb values(bucketlist_seq.nextVal, '유람선 타보기', '10년안에', 5, 0, '계정 만들기', '', 'Y', 'ksw019');
insert into bucketconn_tb values(271, '사진');
insert into bucketconn_tb values(272, '악기');
insert into bucketconn_tb values(272, '기타');
insert into bucketconn_tb values(273, '포토샵');
insert into bucketconn_tb values(274, '여행');
insert into bucketconn_tb values(274, '중국여행');
insert into bucketconn_tb values(275, '여행');
insert into bucketconn_tb values(275, '일본여행');
insert into bucketconn_tb values(276, '자기계발');
insert into bucketconn_tb values(277, '여행');
insert into bucketconn_tb values(278, '기부');
insert into bucketconn_tb values(279, '창업');
insert into bucketconn_tb values(280, '악기');
insert into bucketconn_tb values(280, '피아노');
insert into bucketconn_tb values(281, '독서');
insert into bucketconn_tb values(282, '여행');
insert into bucketconn_tb values(282, '유럽여행');
insert into bucketconn_tb values(283, '소설');
insert into bucketconn_tb values(284, '작곡');
insert into bucketconn_tb values(284, '작사');
insert into bucketconn_tb values(285, '유람선');

insert into Bucketlist_tb values(bucketlist_seq.nextVal, '사진잘찍기', '2월까지', 1, 60, '1. 카메라 사기 2. 돈모으기', '꿀팁추천해주세요', 'N', 'ksw020');
insert into Bucketlist_tb values(bucketlist_seq.nextVal, '버스킹 하기', '2년안에', 3, 40, '중식 조리 서적 구매', '', 'Y', 'ksw020');
insert into Bucketlist_tb values(bucketlist_seq.nextVal, '포토샵 고수', '3년안에', 4, 10, '가능할까?', '', 'Y', 'ksw020');
insert into Bucketlist_tb values(bucketlist_seq.nextVal, '중국여행가기', '죽기전에', 2, 40, '꼭 가야지', '가야할 장소 추천해주세요', 'N', 'ksw020');
insert into Bucketlist_tb values(bucketlist_seq.nextVal, '일본여행가기', '죽기전에', 1, 0, '구체적인 계획없음', '', 'Y', 'ksw020');
insert into Bucketlist_tb values(bucketlist_seq.nextVal, '피아노곡 3곡 연주하기', '4년안에', 5, 0, '피아노구매', '', 'Y', 'ksw020');
insert into Bucketlist_tb values(bucketlist_seq.nextVal, '세계일주 하기', '죽기전에', 3, 10, '꼭 가야지', '돈이 없음', 'N', 'ksw020');
insert into Bucketlist_tb values(bucketlist_seq.nextVal, '기부하기', '죽기전에', 2, 0, '어떤곳에 기부할지 정하기', '', 'Y', 'ksw020');
insert into Bucketlist_tb values(bucketlist_seq.nextVal, '창업하기', '20년안에', 1, 0, '사업아이템 구상하기', '', 'Y', 'ksw020');
insert into Bucketlist_tb values(bucketlist_seq.nextVal, '악기배우기', '1년안에', 1, 10, '', '피아노를 배우고 싶어요', 'N', 'ksw020');
insert into Bucketlist_tb values(bucketlist_seq.nextVal, '책 30권 읽기', '6개월안에', 2, 20, '24권 남음', '', 'Y', 'ksw020');
insert into Bucketlist_tb values(bucketlist_seq.nextVal, '유럽여행가기', '1년안에', 3, 10, '', '다녀오신분들 정보 좀 공유해주세요', 'N', 'ksw020');
insert into Bucketlist_tb values(bucketlist_seq.nextVal, '소설쓰기', '5년안에', 3, 5, '', '', 'Y', 'ksw020');
insert into Bucketlist_tb values(bucketlist_seq.nextVal, '작곡/작사 해보기', '10년안에', 4, 0, '', '어떤 공부를 해야하는 지 알려주세요', 'N', 'ksw020');
insert into Bucketlist_tb values(bucketlist_seq.nextVal, '유람선 타보기', '10년안에', 5, 0, '계정 만들기', '', 'Y', 'ksw020');
insert into bucketconn_tb values(286, '사진');
insert into bucketconn_tb values(287, '악기');
insert into bucketconn_tb values(287, '기타');
insert into bucketconn_tb values(288, '포토샵');
insert into bucketconn_tb values(289, '여행');
insert into bucketconn_tb values(289, '중국여행');
insert into bucketconn_tb values(290, '여행');
insert into bucketconn_tb values(290, '일본여행');
insert into bucketconn_tb values(291, '자기계발');
insert into bucketconn_tb values(292, '여행');
insert into bucketconn_tb values(293, '기부');
insert into bucketconn_tb values(294, '창업');
insert into bucketconn_tb values(295, '악기');
insert into bucketconn_tb values(295, '피아노');
insert into bucketconn_tb values(296, '독서');
insert into bucketconn_tb values(297, '여행');
insert into bucketconn_tb values(297, '유럽여행');
insert into bucketconn_tb values(298, '소설');
insert into bucketconn_tb values(299, '작곡');
insert into bucketconn_tb values(299, '작사');
insert into bucketconn_tb values(300, '유람선');

insert into Bucketlist_tb values(bucketlist_seq.nextVal, '사진잘찍기', '2월까지', 1, 60, '1. 카메라 사기 2. 돈모으기', '꿀팁추천해주세요', 'N', 'ksw021');
insert into Bucketlist_tb values(bucketlist_seq.nextVal, '버스킹 하기', '2년안에', 3, 40, '중식 조리 서적 구매', '', 'Y', 'ksw021');
insert into Bucketlist_tb values(bucketlist_seq.nextVal, '포토샵 고수', '3년안에', 4, 10, '가능할까?', '', 'Y', 'ksw021');
insert into Bucketlist_tb values(bucketlist_seq.nextVal, '중국여행가기', '죽기전에', 2, 40, '꼭 가야지', '가야할 장소 추천해주세요', 'N', 'ksw021');
insert into Bucketlist_tb values(bucketlist_seq.nextVal, '일본여행가기', '죽기전에', 1, 0, '구체적인 계획없음', '', 'Y', 'ksw021');
insert into Bucketlist_tb values(bucketlist_seq.nextVal, '피아노곡 3곡 연주하기', '4년안에', 5, 0, '피아노구매', '', 'Y', 'ksw021');
insert into Bucketlist_tb values(bucketlist_seq.nextVal, '세계일주 하기', '죽기전에', 3, 10, '꼭 가야지', '돈이 없음', 'N', 'ksw021');
insert into Bucketlist_tb values(bucketlist_seq.nextVal, '기부하기', '죽기전에', 2, 0, '어떤곳에 기부할지 정하기', '', 'Y', 'ksw021');
insert into Bucketlist_tb values(bucketlist_seq.nextVal, '창업하기', '20년안에', 1, 0, '사업아이템 구상하기', '', 'Y', 'ksw021');
insert into Bucketlist_tb values(bucketlist_seq.nextVal, '악기배우기', '1년안에', 1, 10, '', '피아노를 배우고 싶어요', 'N', 'ksw021');
insert into Bucketlist_tb values(bucketlist_seq.nextVal, '책 30권 읽기', '6개월안에', 2, 20, '24권 남음', '', 'Y', 'ksw021');
insert into Bucketlist_tb values(bucketlist_seq.nextVal, '유럽여행가기', '1년안에', 3, 10, '', '다녀오신분들 정보 좀 공유해주세요', 'N', 'ksw021');
insert into Bucketlist_tb values(bucketlist_seq.nextVal, '소설쓰기', '5년안에', 3, 5, '', '', 'Y', 'ksw021');
insert into Bucketlist_tb values(bucketlist_seq.nextVal, '작곡/작사 해보기', '10년안에', 4, 0, '', '어떤 공부를 해야하는 지 알려주세요', 'N', 'ksw021');
insert into Bucketlist_tb values(bucketlist_seq.nextVal, '유람선 타보기', '10년안에', 5, 0, '계정 만들기', '', 'Y', 'ksw021');
insert into bucketconn_tb values(301, '사진');
insert into bucketconn_tb values(302, '악기');
insert into bucketconn_tb values(302, '기타');
insert into bucketconn_tb values(303, '포토샵');
insert into bucketconn_tb values(304, '여행');
insert into bucketconn_tb values(304, '중국여행');
insert into bucketconn_tb values(305, '여행');
insert into bucketconn_tb values(305, '일본여행');
insert into bucketconn_tb values(306, '자기계발');
insert into bucketconn_tb values(307, '여행');
insert into bucketconn_tb values(308, '기부');
insert into bucketconn_tb values(309, '창업');
insert into bucketconn_tb values(310, '악기');
insert into bucketconn_tb values(310, '피아노');
insert into bucketconn_tb values(311, '독서');
insert into bucketconn_tb values(312, '여행');
insert into bucketconn_tb values(312, '유럽여행');
insert into bucketconn_tb values(313, '소설');
insert into bucketconn_tb values(314, '작곡');
insert into bucketconn_tb values(314, '작사');
insert into bucketconn_tb values(315, '유람선');

insert into Bucketlist_tb values(bucketlist_seq.nextVal, '사진잘찍기', '2월까지', 1, 60, '1. 카메라 사기 2. 돈모으기', '꿀팁추천해주세요', 'N', 'ksw022');
insert into Bucketlist_tb values(bucketlist_seq.nextVal, '버스킹 하기', '2년안에', 3, 40, '중식 조리 서적 구매', '', 'Y', 'ksw022');
insert into Bucketlist_tb values(bucketlist_seq.nextVal, '포토샵 고수', '3년안에', 4, 10, '가능할까?', '', 'Y', 'ksw022');
insert into Bucketlist_tb values(bucketlist_seq.nextVal, '중국여행가기', '죽기전에', 2, 40, '꼭 가야지', '가야할 장소 추천해주세요', 'N', 'ksw022');
insert into Bucketlist_tb values(bucketlist_seq.nextVal, '일본여행가기', '죽기전에', 1, 0, '구체적인 계획없음', '', 'Y', 'ksw022');
insert into Bucketlist_tb values(bucketlist_seq.nextVal, '피아노곡 3곡 연주하기', '4년안에', 5, 0, '피아노구매', '', 'Y', 'ksw022');
insert into Bucketlist_tb values(bucketlist_seq.nextVal, '세계일주 하기', '죽기전에', 3, 10, '꼭 가야지', '돈이 없음', 'N', 'ksw022');
insert into Bucketlist_tb values(bucketlist_seq.nextVal, '기부하기', '죽기전에', 2, 0, '어떤곳에 기부할지 정하기', '', 'Y', 'ksw022');
insert into Bucketlist_tb values(bucketlist_seq.nextVal, '창업하기', '20년안에', 1, 0, '사업아이템 구상하기', '', 'Y', 'ksw022');
insert into Bucketlist_tb values(bucketlist_seq.nextVal, '악기배우기', '1년안에', 1, 10, '', '피아노를 배우고 싶어요', 'N', 'ksw022');
insert into Bucketlist_tb values(bucketlist_seq.nextVal, '책 30권 읽기', '6개월안에', 2, 20, '24권 남음', '', 'Y', 'ksw022');
insert into Bucketlist_tb values(bucketlist_seq.nextVal, '유럽여행가기', '1년안에', 3, 10, '', '다녀오신분들 정보 좀 공유해주세요', 'N', 'ksw022');
insert into Bucketlist_tb values(bucketlist_seq.nextVal, '소설쓰기', '5년안에', 3, 5, '', '', 'Y', 'ksw022');
insert into Bucketlist_tb values(bucketlist_seq.nextVal, '작곡/작사 해보기', '10년안에', 4, 0, '', '어떤 공부를 해야하는 지 알려주세요', 'N', 'ksw022');
insert into Bucketlist_tb values(bucketlist_seq.nextVal, '유람선 타보기', '10년안에', 5, 0, '계정 만들기', '', 'Y', 'ksw022');
insert into bucketconn_tb values(316, '사진');
insert into bucketconn_tb values(317, '악기');
insert into bucketconn_tb values(317, '기타');
insert into bucketconn_tb values(318, '포토샵');
insert into bucketconn_tb values(319, '여행');
insert into bucketconn_tb values(319, '중국여행');
insert into bucketconn_tb values(320, '여행');
insert into bucketconn_tb values(320, '일본여행');
insert into bucketconn_tb values(321, '자기계발');
insert into bucketconn_tb values(322, '여행');
insert into bucketconn_tb values(323, '기부');
insert into bucketconn_tb values(324, '창업');
insert into bucketconn_tb values(325, '악기');
insert into bucketconn_tb values(325, '피아노');
insert into bucketconn_tb values(326, '독서');
insert into bucketconn_tb values(327, '여행');
insert into bucketconn_tb values(327, '유럽여행');
insert into bucketconn_tb values(328, '소설');
insert into bucketconn_tb values(329, '작곡');
insert into bucketconn_tb values(329, '작사');
insert into bucketconn_tb values(330, '유람선');

insert into Bucketlist_tb values(bucketlist_seq.nextVal, '사진잘찍기', '2월까지', 1, 60, '1. 카메라 사기 2. 돈모으기', '꿀팁추천해주세요', 'N', 'ksw023');
insert into Bucketlist_tb values(bucketlist_seq.nextVal, '버스킹 하기', '2년안에', 3, 40, '중식 조리 서적 구매', '', 'Y', 'ksw023');
insert into Bucketlist_tb values(bucketlist_seq.nextVal, '포토샵 고수', '3년안에', 4, 10, '가능할까?', '', 'Y', 'ksw023');
insert into Bucketlist_tb values(bucketlist_seq.nextVal, '중국여행가기', '죽기전에', 2, 40, '꼭 가야지', '가야할 장소 추천해주세요', 'N', 'ksw023');
insert into Bucketlist_tb values(bucketlist_seq.nextVal, '일본여행가기', '죽기전에', 1, 0, '구체적인 계획없음', '', 'Y', 'ksw023');
insert into Bucketlist_tb values(bucketlist_seq.nextVal, '피아노곡 3곡 연주하기', '4년안에', 5, 0, '피아노구매', '', 'Y', 'ksw023');
insert into Bucketlist_tb values(bucketlist_seq.nextVal, '세계일주 하기', '죽기전에', 3, 10, '꼭 가야지', '돈이 없음', 'N', 'ksw023');
insert into Bucketlist_tb values(bucketlist_seq.nextVal, '기부하기', '죽기전에', 2, 0, '어떤곳에 기부할지 정하기', '', 'Y', 'ksw023');
insert into Bucketlist_tb values(bucketlist_seq.nextVal, '창업하기', '20년안에', 1, 0, '사업아이템 구상하기', '', 'Y', 'ksw023');
insert into Bucketlist_tb values(bucketlist_seq.nextVal, '악기배우기', '1년안에', 1, 10, '', '피아노를 배우고 싶어요', 'N', 'ksw023');
insert into Bucketlist_tb values(bucketlist_seq.nextVal, '책 30권 읽기', '6개월안에', 2, 20, '24권 남음', '', 'Y', 'ksw023');
insert into Bucketlist_tb values(bucketlist_seq.nextVal, '유럽여행가기', '1년안에', 3, 10, '', '다녀오신분들 정보 좀 공유해주세요', 'N', 'ksw023');
insert into Bucketlist_tb values(bucketlist_seq.nextVal, '소설쓰기', '5년안에', 3, 5, '', '', 'Y', 'ksw023');
insert into Bucketlist_tb values(bucketlist_seq.nextVal, '작곡/작사 해보기', '10년안에', 4, 0, '', '어떤 공부를 해야하는 지 알려주세요', 'N', 'ksw023');
insert into Bucketlist_tb values(bucketlist_seq.nextVal, '유람선 타보기', '10년안에', 5, 0, '계정 만들기', '', 'Y', 'ksw023');
insert into bucketconn_tb values(331, '사진');
insert into bucketconn_tb values(332, '악기');
insert into bucketconn_tb values(332, '기타');
insert into bucketconn_tb values(333, '포토샵');
insert into bucketconn_tb values(334, '여행');
insert into bucketconn_tb values(334, '중국여행');
insert into bucketconn_tb values(335, '여행');
insert into bucketconn_tb values(335, '일본여행');
insert into bucketconn_tb values(336, '자기계발');
insert into bucketconn_tb values(337, '여행');
insert into bucketconn_tb values(338, '기부');
insert into bucketconn_tb values(339, '창업');
insert into bucketconn_tb values(340, '악기');
insert into bucketconn_tb values(340, '피아노');
insert into bucketconn_tb values(341, '독서');
insert into bucketconn_tb values(342, '여행');
insert into bucketconn_tb values(342, '유럽여행');
insert into bucketconn_tb values(343, '소설');
insert into bucketconn_tb values(344, '작곡');
insert into bucketconn_tb values(344, '작사');
insert into bucketconn_tb values(345, '유람선');

insert into Bucketlist_tb values(bucketlist_seq.nextVal, '사진잘찍기', '2월까지', 1, 60, '1. 카메라 사기 2. 돈모으기', '꿀팁추천해주세요', 'N', 'ksw024');
insert into Bucketlist_tb values(bucketlist_seq.nextVal, '버스킹 하기', '2년안에', 3, 40, '중식 조리 서적 구매', '', 'Y', 'ksw024');
insert into Bucketlist_tb values(bucketlist_seq.nextVal, '포토샵 고수', '3년안에', 4, 10, '가능할까?', '', 'Y', 'ksw024');
insert into Bucketlist_tb values(bucketlist_seq.nextVal, '중국여행가기', '죽기전에', 2, 40, '꼭 가야지', '가야할 장소 추천해주세요', 'N', 'ksw024');
insert into Bucketlist_tb values(bucketlist_seq.nextVal, '일본여행가기', '죽기전에', 1, 0, '구체적인 계획없음', '', 'Y', 'ksw024');
insert into Bucketlist_tb values(bucketlist_seq.nextVal, '피아노곡 3곡 연주하기', '4년안에', 5, 0, '피아노구매', '', 'Y', 'ksw024');
insert into Bucketlist_tb values(bucketlist_seq.nextVal, '세계일주 하기', '죽기전에', 3, 10, '꼭 가야지', '돈이 없음', 'N', 'ksw024');
insert into Bucketlist_tb values(bucketlist_seq.nextVal, '기부하기', '죽기전에', 2, 0, '어떤곳에 기부할지 정하기', '', 'Y', 'ksw024');
insert into Bucketlist_tb values(bucketlist_seq.nextVal, '창업하기', '20년안에', 1, 0, '사업아이템 구상하기', '', 'Y', 'ksw024');
insert into Bucketlist_tb values(bucketlist_seq.nextVal, '악기배우기', '1년안에', 1, 10, '', '피아노를 배우고 싶어요', 'N', 'ksw024');
insert into Bucketlist_tb values(bucketlist_seq.nextVal, '책 30권 읽기', '6개월안에', 2, 20, '24권 남음', '', 'Y', 'ksw024');
insert into Bucketlist_tb values(bucketlist_seq.nextVal, '유럽여행가기', '1년안에', 3, 10, '', '다녀오신분들 정보 좀 공유해주세요', 'N', 'ksw024');
insert into Bucketlist_tb values(bucketlist_seq.nextVal, '소설쓰기', '5년안에', 3, 5, '', '', 'Y', 'ksw024');
insert into Bucketlist_tb values(bucketlist_seq.nextVal, '작곡/작사 해보기', '10년안에', 4, 0, '', '어떤 공부를 해야하는 지 알려주세요', 'N', 'ksw024');
insert into Bucketlist_tb values(bucketlist_seq.nextVal, '유람선 타보기', '10년안에', 5, 0, '계정 만들기', '', 'Y', 'ksw024');
insert into bucketconn_tb values(346, '사진');
insert into bucketconn_tb values(347, '악기');
insert into bucketconn_tb values(347, '기타');
insert into bucketconn_tb values(348, '포토샵');
insert into bucketconn_tb values(349, '여행');
insert into bucketconn_tb values(349, '중국여행');
insert into bucketconn_tb values(350, '여행');
insert into bucketconn_tb values(350, '일본여행');
insert into bucketconn_tb values(351, '자기계발');
insert into bucketconn_tb values(352, '여행');
insert into bucketconn_tb values(353, '기부');
insert into bucketconn_tb values(354, '창업');
insert into bucketconn_tb values(355, '악기');
insert into bucketconn_tb values(355, '피아노');
insert into bucketconn_tb values(356, '독서');
insert into bucketconn_tb values(357, '여행');
insert into bucketconn_tb values(357, '유럽여행');
insert into bucketconn_tb values(358, '소설');
insert into bucketconn_tb values(359, '작곡');
insert into bucketconn_tb values(359, '작사');
insert into bucketconn_tb values(360, '유람선');

insert into Bucketlist_tb values(bucketlist_seq.nextVal, '사진잘찍기', '2월까지', 1, 60, '1. 카메라 사기 2. 돈모으기', '꿀팁추천해주세요', 'N', 'ksw025');
insert into Bucketlist_tb values(bucketlist_seq.nextVal, '버스킹 하기', '2년안에', 3, 40, '중식 조리 서적 구매', '', 'Y', 'ksw025');
insert into Bucketlist_tb values(bucketlist_seq.nextVal, '포토샵 고수', '3년안에', 4, 10, '가능할까?', '', 'Y', 'ksw025');
insert into Bucketlist_tb values(bucketlist_seq.nextVal, '중국여행가기', '죽기전에', 2, 40, '꼭 가야지', '가야할 장소 추천해주세요', 'N', 'ksw025');
insert into Bucketlist_tb values(bucketlist_seq.nextVal, '일본여행가기', '죽기전에', 1, 0, '구체적인 계획없음', '', 'Y', 'ksw025');
insert into Bucketlist_tb values(bucketlist_seq.nextVal, '피아노곡 3곡 연주하기', '4년안에', 5, 0, '피아노구매', '', 'Y', 'ksw025');
insert into Bucketlist_tb values(bucketlist_seq.nextVal, '세계일주 하기', '죽기전에', 3, 10, '꼭 가야지', '돈이 없음', 'N', 'ksw025');
insert into Bucketlist_tb values(bucketlist_seq.nextVal, '기부하기', '죽기전에', 2, 0, '어떤곳에 기부할지 정하기', '', 'Y', 'ksw025');
insert into Bucketlist_tb values(bucketlist_seq.nextVal, '창업하기', '20년안에', 1, 0, '사업아이템 구상하기', '', 'Y', 'ksw025');
insert into Bucketlist_tb values(bucketlist_seq.nextVal, '악기배우기', '1년안에', 1, 10, '', '피아노를 배우고 싶어요', 'N', 'ksw025');
insert into Bucketlist_tb values(bucketlist_seq.nextVal, '책 30권 읽기', '6개월안에', 2, 20, '24권 남음', '', 'Y', 'ksw025');
insert into Bucketlist_tb values(bucketlist_seq.nextVal, '유럽여행가기', '1년안에', 3, 10, '', '다녀오신분들 정보 좀 공유해주세요', 'N', 'ksw025');
insert into Bucketlist_tb values(bucketlist_seq.nextVal, '소설쓰기', '5년안에', 3, 5, '', '', 'Y', 'ksw025');
insert into Bucketlist_tb values(bucketlist_seq.nextVal, '작곡/작사 해보기', '10년안에', 4, 0, '', '어떤 공부를 해야하는 지 알려주세요', 'N', 'ksw025');
insert into Bucketlist_tb values(bucketlist_seq.nextVal, '유람선 타보기', '10년안에', 5, 0, '계정 만들기', '', 'Y', 'ksw025');
insert into bucketconn_tb values(361, '사진');
insert into bucketconn_tb values(362, '악기');
insert into bucketconn_tb values(362, '기타');
insert into bucketconn_tb values(363, '포토샵');
insert into bucketconn_tb values(364, '여행');
insert into bucketconn_tb values(364, '중국여행');
insert into bucketconn_tb values(365, '여행');
insert into bucketconn_tb values(365, '일본여행');
insert into bucketconn_tb values(366, '자기계발');
insert into bucketconn_tb values(367, '여행');
insert into bucketconn_tb values(368, '기부');
insert into bucketconn_tb values(369, '창업');
insert into bucketconn_tb values(370, '악기');
insert into bucketconn_tb values(370, '피아노');
insert into bucketconn_tb values(371, '독서');
insert into bucketconn_tb values(372, '여행');
insert into bucketconn_tb values(372, '유럽여행');
insert into bucketconn_tb values(373, '소설');
insert into bucketconn_tb values(374, '작곡');
insert into bucketconn_tb values(374, '작사');
insert into bucketconn_tb values(375, '유람선');

insert into Bucketlist_tb values(bucketlist_seq.nextVal, '사진잘찍기', '2월까지', 1, 60, '1. 카메라 사기 2. 돈모으기', '꿀팁추천해주세요', 'N', 'ksw026');
insert into Bucketlist_tb values(bucketlist_seq.nextVal, '버스킹 하기', '2년안에', 3, 40, '중식 조리 서적 구매', '', 'Y', 'ksw026');
insert into Bucketlist_tb values(bucketlist_seq.nextVal, '포토샵 고수', '3년안에', 4, 10, '가능할까?', '', 'Y', 'ksw026');
insert into Bucketlist_tb values(bucketlist_seq.nextVal, '중국여행가기', '죽기전에', 2, 40, '꼭 가야지', '가야할 장소 추천해주세요', 'N', 'ksw026');
insert into Bucketlist_tb values(bucketlist_seq.nextVal, '일본여행가기', '죽기전에', 1, 0, '구체적인 계획없음', '', 'Y', 'ksw026');
insert into Bucketlist_tb values(bucketlist_seq.nextVal, '피아노곡 3곡 연주하기', '4년안에', 5, 0, '피아노구매', '', 'Y', 'ksw026');
insert into Bucketlist_tb values(bucketlist_seq.nextVal, '세계일주 하기', '죽기전에', 3, 10, '꼭 가야지', '돈이 없음', 'N', 'ksw026');
insert into Bucketlist_tb values(bucketlist_seq.nextVal, '기부하기', '죽기전에', 2, 0, '어떤곳에 기부할지 정하기', '', 'Y', 'ksw026');
insert into Bucketlist_tb values(bucketlist_seq.nextVal, '창업하기', '20년안에', 1, 0, '사업아이템 구상하기', '', 'Y', 'ksw026');
insert into Bucketlist_tb values(bucketlist_seq.nextVal, '악기배우기', '1년안에', 1, 10, '', '피아노를 배우고 싶어요', 'N', 'ksw026');
insert into Bucketlist_tb values(bucketlist_seq.nextVal, '책 30권 읽기', '6개월안에', 2, 20, '24권 남음', '', 'Y', 'ksw026');
insert into Bucketlist_tb values(bucketlist_seq.nextVal, '유럽여행가기', '1년안에', 3, 10, '', '다녀오신분들 정보 좀 공유해주세요', 'N', 'ksw026');
insert into Bucketlist_tb values(bucketlist_seq.nextVal, '소설쓰기', '5년안에', 3, 5, '', '', 'Y', 'ksw026');
insert into Bucketlist_tb values(bucketlist_seq.nextVal, '작곡/작사 해보기', '10년안에', 4, 0, '', '어떤 공부를 해야하는 지 알려주세요', 'N', 'ksw026');
insert into Bucketlist_tb values(bucketlist_seq.nextVal, '유람선 타보기', '10년안에', 5, 0, '계정 만들기', '', 'Y', 'ksw026');
insert into bucketconn_tb values(376, '사진');
insert into bucketconn_tb values(377, '악기');
insert into bucketconn_tb values(377, '기타');
insert into bucketconn_tb values(378, '포토샵');
insert into bucketconn_tb values(379, '여행');
insert into bucketconn_tb values(379, '중국여행');
insert into bucketconn_tb values(380, '여행');
insert into bucketconn_tb values(380, '일본여행');
insert into bucketconn_tb values(381, '자기계발');
insert into bucketconn_tb values(382, '여행');
insert into bucketconn_tb values(383, '기부');
insert into bucketconn_tb values(384, '창업');
insert into bucketconn_tb values(385, '악기');
insert into bucketconn_tb values(385, '피아노');
insert into bucketconn_tb values(386, '독서');
insert into bucketconn_tb values(387, '여행');
insert into bucketconn_tb values(387, '유럽여행');
insert into bucketconn_tb values(388, '소설');
insert into bucketconn_tb values(389, '작곡');
insert into bucketconn_tb values(389, '작사');
insert into bucketconn_tb values(390, '유람선');

insert into Bucketlist_tb values(bucketlist_seq.nextVal, '사진잘찍기', '2월까지', 1, 60, '1. 카메라 사기 2. 돈모으기', '꿀팁추천해주세요', 'N', 'ksw027');
insert into Bucketlist_tb values(bucketlist_seq.nextVal, '버스킹 하기', '2년안에', 3, 40, '중식 조리 서적 구매', '', 'Y', 'ksw027');
insert into Bucketlist_tb values(bucketlist_seq.nextVal, '포토샵 고수', '3년안에', 4, 10, '가능할까?', '', 'Y', 'ksw027');
insert into Bucketlist_tb values(bucketlist_seq.nextVal, '중국여행가기', '죽기전에', 2, 40, '꼭 가야지', '가야할 장소 추천해주세요', 'N', 'ksw027');
insert into Bucketlist_tb values(bucketlist_seq.nextVal, '일본여행가기', '죽기전에', 1, 0, '구체적인 계획없음', '', 'Y', 'ksw027');
insert into Bucketlist_tb values(bucketlist_seq.nextVal, '피아노곡 3곡 연주하기', '4년안에', 5, 0, '피아노구매', '', 'Y', 'ksw027');
insert into Bucketlist_tb values(bucketlist_seq.nextVal, '세계일주 하기', '죽기전에', 3, 10, '꼭 가야지', '돈이 없음', 'N', 'ksw027');
insert into Bucketlist_tb values(bucketlist_seq.nextVal, '기부하기', '죽기전에', 2, 0, '어떤곳에 기부할지 정하기', '', 'Y', 'ksw027');
insert into Bucketlist_tb values(bucketlist_seq.nextVal, '창업하기', '20년안에', 1, 0, '사업아이템 구상하기', '', 'Y', 'ksw027');
insert into Bucketlist_tb values(bucketlist_seq.nextVal, '악기배우기', '1년안에', 1, 10, '', '피아노를 배우고 싶어요', 'N', 'ksw027');
insert into Bucketlist_tb values(bucketlist_seq.nextVal, '책 30권 읽기', '6개월안에', 2, 20, '24권 남음', '', 'Y', 'ksw027');
insert into Bucketlist_tb values(bucketlist_seq.nextVal, '유럽여행가기', '1년안에', 3, 10, '', '다녀오신분들 정보 좀 공유해주세요', 'N', 'ksw027');
insert into Bucketlist_tb values(bucketlist_seq.nextVal, '소설쓰기', '5년안에', 3, 5, '', '', 'Y', 'ksw027');
insert into Bucketlist_tb values(bucketlist_seq.nextVal, '작곡/작사 해보기', '10년안에', 4, 0, '', '어떤 공부를 해야하는 지 알려주세요', 'N', 'ksw027');
insert into Bucketlist_tb values(bucketlist_seq.nextVal, '유람선 타보기', '10년안에', 5, 0, '계정 만들기', '', 'Y', 'ksw027');
insert into bucketconn_tb values(391, '사진');
insert into bucketconn_tb values(392, '악기');
insert into bucketconn_tb values(392, '기타');
insert into bucketconn_tb values(393, '포토샵');
insert into bucketconn_tb values(394, '여행');
insert into bucketconn_tb values(394, '중국여행');
insert into bucketconn_tb values(395, '여행');
insert into bucketconn_tb values(395, '일본여행');
insert into bucketconn_tb values(396, '자기계발');
insert into bucketconn_tb values(397, '여행');
insert into bucketconn_tb values(398, '기부');
insert into bucketconn_tb values(399, '창업');
insert into bucketconn_tb values(400, '악기');
insert into bucketconn_tb values(400, '피아노');
insert into bucketconn_tb values(401, '독서');
insert into bucketconn_tb values(402, '여행');
insert into bucketconn_tb values(402, '유럽여행');
insert into bucketconn_tb values(403, '소설');
insert into bucketconn_tb values(404, '작곡');
insert into bucketconn_tb values(404, '작사');
insert into bucketconn_tb values(405, '유람선');

insert into Bucketlist_tb values(bucketlist_seq.nextVal, '사진잘찍기', '2월까지', 1, 60, '1. 카메라 사기 2. 돈모으기', '꿀팁추천해주세요', 'N', 'ksw028');
insert into Bucketlist_tb values(bucketlist_seq.nextVal, '버스킹 하기', '2년안에', 3, 40, '중식 조리 서적 구매', '', 'Y', 'ksw028');
insert into Bucketlist_tb values(bucketlist_seq.nextVal, '포토샵 고수', '3년안에', 4, 10, '가능할까?', '', 'Y', 'ksw028');
insert into Bucketlist_tb values(bucketlist_seq.nextVal, '중국여행가기', '죽기전에', 2, 40, '꼭 가야지', '가야할 장소 추천해주세요', 'N', 'ksw028');
insert into Bucketlist_tb values(bucketlist_seq.nextVal, '일본여행가기', '죽기전에', 1, 0, '구체적인 계획없음', '', 'Y', 'ksw028');
insert into Bucketlist_tb values(bucketlist_seq.nextVal, '피아노곡 3곡 연주하기', '4년안에', 5, 0, '피아노구매', '', 'Y', 'ksw028');
insert into Bucketlist_tb values(bucketlist_seq.nextVal, '세계일주 하기', '죽기전에', 3, 10, '꼭 가야지', '돈이 없음', 'N', 'ksw028');
insert into Bucketlist_tb values(bucketlist_seq.nextVal, '기부하기', '죽기전에', 2, 0, '어떤곳에 기부할지 정하기', '', 'Y', 'ksw028');
insert into Bucketlist_tb values(bucketlist_seq.nextVal, '창업하기', '20년안에', 1, 0, '사업아이템 구상하기', '', 'Y', 'ksw028');
insert into Bucketlist_tb values(bucketlist_seq.nextVal, '악기배우기', '1년안에', 1, 10, '', '피아노를 배우고 싶어요', 'N', 'ksw028');
insert into Bucketlist_tb values(bucketlist_seq.nextVal, '책 30권 읽기', '6개월안에', 2, 20, '24권 남음', '', 'Y', 'ksw028');
insert into Bucketlist_tb values(bucketlist_seq.nextVal, '유럽여행가기', '1년안에', 3, 10, '', '다녀오신분들 정보 좀 공유해주세요', 'N', 'ksw028');
insert into Bucketlist_tb values(bucketlist_seq.nextVal, '소설쓰기', '5년안에', 3, 5, '', '', 'Y', 'ksw028');
insert into Bucketlist_tb values(bucketlist_seq.nextVal, '작곡/작사 해보기', '10년안에', 4, 0, '', '어떤 공부를 해야하는 지 알려주세요', 'N', 'ksw028');
insert into Bucketlist_tb values(bucketlist_seq.nextVal, '유람선 타보기', '10년안에', 5, 0, '계정 만들기', '', 'Y', 'ksw028');
insert into bucketconn_tb values(406, '사진');
insert into bucketconn_tb values(407, '악기');
insert into bucketconn_tb values(407, '기타');
insert into bucketconn_tb values(408, '포토샵');
insert into bucketconn_tb values(409, '여행');
insert into bucketconn_tb values(409, '중국여행');
insert into bucketconn_tb values(410, '여행');
insert into bucketconn_tb values(410, '일본여행');
insert into bucketconn_tb values(411, '자기계발');
insert into bucketconn_tb values(412, '여행');
insert into bucketconn_tb values(413, '기부');
insert into bucketconn_tb values(414, '창업');
insert into bucketconn_tb values(415, '악기');
insert into bucketconn_tb values(415, '피아노');
insert into bucketconn_tb values(416, '독서');
insert into bucketconn_tb values(417, '여행');
insert into bucketconn_tb values(417, '유럽여행');
insert into bucketconn_tb values(418, '소설');
insert into bucketconn_tb values(419, '작곡');
insert into bucketconn_tb values(419, '작사');
insert into bucketconn_tb values(420, '유람선');

insert into Bucketlist_tb values(bucketlist_seq.nextVal, '사진잘찍기', '2월까지', 1, 60, '1. 카메라 사기 2. 돈모으기', '꿀팁추천해주세요', 'N', 'ksw029');
insert into Bucketlist_tb values(bucketlist_seq.nextVal, '버스킹 하기', '2년안에', 3, 40, '중식 조리 서적 구매', '', 'Y', 'ksw029');
insert into Bucketlist_tb values(bucketlist_seq.nextVal, '포토샵 고수', '3년안에', 4, 10, '가능할까?', '', 'Y', 'ksw029');
insert into Bucketlist_tb values(bucketlist_seq.nextVal, '중국여행가기', '죽기전에', 2, 40, '꼭 가야지', '가야할 장소 추천해주세요', 'N', 'ksw029');
insert into Bucketlist_tb values(bucketlist_seq.nextVal, '일본여행가기', '죽기전에', 1, 0, '구체적인 계획없음', '', 'Y', 'ksw029');
insert into Bucketlist_tb values(bucketlist_seq.nextVal, '피아노곡 3곡 연주하기', '4년안에', 5, 0, '피아노구매', '', 'Y', 'ksw029');
insert into Bucketlist_tb values(bucketlist_seq.nextVal, '세계일주 하기', '죽기전에', 3, 10, '꼭 가야지', '돈이 없음', 'N', 'ksw029');
insert into Bucketlist_tb values(bucketlist_seq.nextVal, '기부하기', '죽기전에', 2, 0, '어떤곳에 기부할지 정하기', '', 'Y', 'ksw029');
insert into Bucketlist_tb values(bucketlist_seq.nextVal, '창업하기', '20년안에', 1, 0, '사업아이템 구상하기', '', 'Y', 'ksw029');
insert into Bucketlist_tb values(bucketlist_seq.nextVal, '악기배우기', '1년안에', 1, 10, '', '피아노를 배우고 싶어요', 'N', 'ksw029');
insert into Bucketlist_tb values(bucketlist_seq.nextVal, '책 30권 읽기', '6개월안에', 2, 20, '24권 남음', '', 'Y', 'ksw029');
insert into Bucketlist_tb values(bucketlist_seq.nextVal, '유럽여행가기', '1년안에', 3, 10, '', '다녀오신분들 정보 좀 공유해주세요', 'N', 'ksw029');
insert into Bucketlist_tb values(bucketlist_seq.nextVal, '소설쓰기', '5년안에', 3, 5, '', '', 'Y', 'ksw029');
insert into Bucketlist_tb values(bucketlist_seq.nextVal, '작곡/작사 해보기', '10년안에', 4, 0, '', '어떤 공부를 해야하는 지 알려주세요', 'N', 'ksw029');
insert into Bucketlist_tb values(bucketlist_seq.nextVal, '유람선 타보기', '10년안에', 5, 0, '계정 만들기', '', 'Y', 'ksw029');
insert into bucketconn_tb values(421, '사진');
insert into bucketconn_tb values(422, '악기');
insert into bucketconn_tb values(422, '기타');
insert into bucketconn_tb values(423, '포토샵');
insert into bucketconn_tb values(424, '여행');
insert into bucketconn_tb values(424, '중국여행');
insert into bucketconn_tb values(425, '여행');
insert into bucketconn_tb values(425, '일본여행');
insert into bucketconn_tb values(426, '자기계발');
insert into bucketconn_tb values(427, '여행');
insert into bucketconn_tb values(428, '기부');
insert into bucketconn_tb values(429, '창업');
insert into bucketconn_tb values(430, '악기');
insert into bucketconn_tb values(430, '피아노');
insert into bucketconn_tb values(431, '독서');
insert into bucketconn_tb values(432, '여행');
insert into bucketconn_tb values(432, '유럽여행');
insert into bucketconn_tb values(433, '소설');
insert into bucketconn_tb values(434, '작곡');
insert into bucketconn_tb values(434, '작사');
insert into bucketconn_tb values(435, '유람선');

insert into Bucketlist_tb values(bucketlist_seq.nextVal, '사진잘찍기', '2월까지', 1, 60, '1. 카메라 사기 2. 돈모으기', '꿀팁추천해주세요', 'N', 'ksw030');
insert into Bucketlist_tb values(bucketlist_seq.nextVal, '버스킹 하기', '2년안에', 3, 40, '중식 조리 서적 구매', '', 'Y', 'ksw030');
insert into Bucketlist_tb values(bucketlist_seq.nextVal, '포토샵 고수', '3년안에', 4, 10, '가능할까?', '', 'Y', 'ksw030');
insert into Bucketlist_tb values(bucketlist_seq.nextVal, '중국여행가기', '죽기전에', 2, 40, '꼭 가야지', '가야할 장소 추천해주세요', 'N', 'ksw030');
insert into Bucketlist_tb values(bucketlist_seq.nextVal, '일본여행가기', '죽기전에', 1, 0, '구체적인 계획없음', '', 'Y', 'ksw030');
insert into Bucketlist_tb values(bucketlist_seq.nextVal, '피아노곡 3곡 연주하기', '4년안에', 5, 0, '피아노구매', '', 'Y', 'ksw030');
insert into Bucketlist_tb values(bucketlist_seq.nextVal, '세계일주 하기', '죽기전에', 3, 10, '꼭 가야지', '돈이 없음', 'N', 'ksw030');
insert into Bucketlist_tb values(bucketlist_seq.nextVal, '기부하기', '죽기전에', 2, 0, '어떤곳에 기부할지 정하기', '', 'Y', 'ksw030');
insert into Bucketlist_tb values(bucketlist_seq.nextVal, '창업하기', '20년안에', 1, 0, '사업아이템 구상하기', '', 'Y', 'ksw030');
insert into Bucketlist_tb values(bucketlist_seq.nextVal, '악기배우기', '1년안에', 1, 10, '', '피아노를 배우고 싶어요', 'N', 'ksw030');
insert into Bucketlist_tb values(bucketlist_seq.nextVal, '책 30권 읽기', '6개월안에', 2, 20, '24권 남음', '', 'Y', 'ksw030');
insert into Bucketlist_tb values(bucketlist_seq.nextVal, '유럽여행가기', '1년안에', 3, 10, '', '다녀오신분들 정보 좀 공유해주세요', 'N', 'ksw030');
insert into Bucketlist_tb values(bucketlist_seq.nextVal, '소설쓰기', '5년안에', 3, 5, '', '', 'Y', 'ksw030');
insert into Bucketlist_tb values(bucketlist_seq.nextVal, '작곡/작사 해보기', '10년안에', 4, 0, '', '어떤 공부를 해야하는 지 알려주세요', 'N', 'ksw030');
insert into Bucketlist_tb values(bucketlist_seq.nextVal, '유람선 타보기', '10년안에', 5, 0, '계정 만들기', '', 'Y', 'ksw030');
insert into bucketconn_tb values(436, '사진');
insert into bucketconn_tb values(437, '악기');
insert into bucketconn_tb values(437, '기타');
insert into bucketconn_tb values(438, '포토샵');
insert into bucketconn_tb values(439, '여행');
insert into bucketconn_tb values(439, '중국여행');
insert into bucketconn_tb values(440, '여행');
insert into bucketconn_tb values(440, '일본여행');
insert into bucketconn_tb values(441, '자기계발');
insert into bucketconn_tb values(442, '여행');
insert into bucketconn_tb values(443, '기부');
insert into bucketconn_tb values(444, '창업');
insert into bucketconn_tb values(445, '악기');
insert into bucketconn_tb values(445, '피아노');
insert into bucketconn_tb values(446, '독서');
insert into bucketconn_tb values(447, '여행');
insert into bucketconn_tb values(447, '유럽여행');
insert into bucketconn_tb values(448, '소설');
insert into bucketconn_tb values(449, '작곡');
insert into bucketconn_tb values(449, '작사');
insert into bucketconn_tb values(450, '유람선');

--GROUP_TB
insert into group_tb values(group_seq.nextVal, '기타연주해요', 'ksw001', TO_DATE('2017-01-02', 'yyyy-mm-dd'), '서울', '기타연주 모임 입니다.', 10);
insert into group_tb values(group_seq.nextVal, '피아노의 정석', 'ksw003', TO_DATE('2017-02-03', 'yyyy-mm-dd'), '경기', '피아노연주 모임 입니다.', 15);
insert into group_tb values(group_seq.nextVal, '다같이여행', 'ksw005', TO_DATE('2017-03-05', 'yyyy-mm-dd'), '강원', '여행 모임 입니다.', 8);
insert into group_tb values(group_seq.nextVal, '내일더크게', 'ksw007', TO_DATE('2017-04-12', 'yyyy-mm-dd'), '경북', '운동 모임 입니다.', 20);
insert into group_tb values(group_seq.nextVal, '코딩노예', 'ksw010', TO_DATE('2017-02-07', 'yyyy-mm-dd'), '경남', '프로그래밍 모임 입니다.', 20);
insert into group_tb values(group_seq.nextVal, '목표는 에베레스트', 'ksw013', TO_DATE('2017-11-05', 'yyyy-mm-dd'), '대전', '등산 모임 입니다.', 15);
insert into group_tb values(group_seq.nextVal, '책읽어주는사람', 'ksw015', TO_DATE('2017-11-17', 'yyyy-mm-dd'), '대구', '독서 모임 입니다.', 25);
insert into group_tb values(group_seq.nextVal, '심포니', 'ksw017', TO_DATE('2017-12-21', 'yyyy-mm-dd'), '부산', '악기연주 모임 입니다.', 15);
insert into group_tb values(group_seq.nextVal, '마술사기꾼', 'ksw019', TO_DATE('2017-04-15', 'yyyy-mm-dd'), '인천', '마술 모임 입니다.', 10);
insert into group_tb values(group_seq.nextVal, '하모니', 'ksw020', TO_DATE('2017-06-01', 'yyyy-mm-dd'), '울산', '악기연주 모임 입니다.', 12);
insert into group_tb values(group_seq.nextVal, '걸어서세계로', 'ksw023', TO_DATE('2017-02-10', 'yyyy-mm-dd'), '전북', '여행 모임 입니다.', 5);
insert into group_tb values(group_seq.nextVal, '찰칵', 'ksw024', TO_DATE('2017-03-09', 'yyyy-mm-dd'), '전남', '사진촬영 모임 입니다.', 22);
insert into group_tb values(group_seq.nextVal, '독서천재', 'ksw026', TO_DATE('2017-08-20', 'yyyy-mm-dd'), '충북', '독서 모임 입니다.', 10);
insert into group_tb values(group_seq.nextVal, '오르막길', 'ksw027', TO_DATE('2017-07-25', 'yyyy-mm-dd'), '충남', '등산 모임 입니다.', 15);
insert into group_tb values(group_seq.nextVal, '내일로', 'ksw030', TO_DATE('2017-09-12', 'yyyy-mm-dd'), '서울', '국내여행 모임 입니다.', 8);

-- GROUPCONN_TB
insert into groupConn_tb values(1, '기타');
insert into groupConn_tb values(2, '피아노');
insert into groupConn_tb values(3, '여행');
insert into groupConn_tb values(4, '운동');
insert into groupConn_tb values(5, '프로그래밍');
insert into groupConn_tb values(6, '등산');
insert into groupConn_tb values(7, '독서');
insert into groupConn_tb values(8, '악기');
insert into groupConn_tb values(8, '기타');
insert into groupConn_tb values(8, '피아노');
insert into groupConn_tb values(9, '마술');
insert into groupConn_tb values(10, '악기');
insert into groupConn_tb values(10, '피아노');
insert into groupConn_tb values(11, '여행');
insert into groupConn_tb values(12, '사진');
insert into groupConn_tb values(13, '독서');
insert into groupConn_tb values(14, '등산');
insert into groupConn_tb values(15, '여행');
insert into groupConn_tb values(15, '국내여행');

--FOLLOW_TB
insert into follow_tb values('ksw001', 'ksw002', 1, 'Y');
insert into follow_tb values('ksw002', 'ksw001', 2, 'N');
insert into follow_tb values('ksw001', 'ksw003', 2, 'Y');
insert into follow_tb values('ksw003', 'ksw001', 1, 'N');
insert into follow_tb values('ksw001', 'ksw004', 3, 'Y');
insert into follow_tb values('ksw004', 'ksw001', 3, 'Y');
insert into follow_tb values('ksw001', 'ksw005', 3, 'Y');
insert into follow_tb values('ksw005', 'ksw001', 3, 'Y');
insert into follow_tb values('ksw001', 'ksw006', 2, 'Y');
insert into follow_tb values('ksw006', 'ksw001', 1, 'N');
insert into follow_tb values('ksw001', 'ksw007', 2, 'Y');
insert into follow_tb values('ksw007', 'ksw001', 1, 'Y');
insert into follow_tb values('ksw001', 'ksw008', 1, 'Y');
insert into follow_tb values('ksw008', 'ksw001', 2, 'N');

insert into follow_tb values('ksw002', 'ksw003', 3, 'Y');
insert into follow_tb values('ksw003', 'ksw002', 3, 'Y');
insert into follow_tb values('ksw002', 'ksw004', 2, 'Y');
insert into follow_tb values('ksw004', 'ksw002', 1, 'N');
insert into follow_tb values('ksw002', 'ksw005', 3, 'Y');
insert into follow_tb values('ksw005', 'ksw002', 3, 'Y');
insert into follow_tb values('ksw002', 'ksw006', 2, 'Y');
insert into follow_tb values('ksw006', 'ksw002', 1, 'N');
insert into follow_tb values('ksw002', 'ksw007', 2, 'Y');
insert into follow_tb values('ksw007', 'ksw002', 1, 'Y');
insert into follow_tb values('ksw002', 'ksw008', 1, 'Y');
insert into follow_tb values('ksw008', 'ksw002', 2, 'N');
insert into follow_tb values('ksw002', 'ksw009', 1, 'Y');
insert into follow_tb values('ksw009', 'ksw002', 2, 'N');

insert into follow_tb values('ksw003', 'ksw004', 3, 'Y');
insert into follow_tb values('ksw004', 'ksw003', 3, 'Y');
insert into follow_tb values('ksw003', 'ksw005', 3, 'Y');
insert into follow_tb values('ksw005', 'ksw003', 3, 'Y');
insert into follow_tb values('ksw003', 'ksw006', 2, 'Y');
insert into follow_tb values('ksw006', 'ksw003', 1, 'N');
insert into follow_tb values('ksw003', 'ksw007', 2, 'Y');
insert into follow_tb values('ksw007', 'ksw003', 1, 'Y');
insert into follow_tb values('ksw003', 'ksw008', 1, 'Y');
insert into follow_tb values('ksw008', 'ksw003', 2, 'N');
insert into follow_tb values('ksw003', 'ksw009', 1, 'Y');
insert into follow_tb values('ksw009', 'ksw003', 2, 'N');
insert into follow_tb values('ksw003', 'ksw010', 2, 'Y');
insert into follow_tb values('ksw010', 'ksw003', 1, 'N');

insert into follow_tb values('ksw004', 'ksw005', 3, 'Y');
insert into follow_tb values('ksw005', 'ksw004', 3, 'Y');
insert into follow_tb values('ksw004', 'ksw006', 2, 'Y');
insert into follow_tb values('ksw006', 'ksw004', 1, 'N');
insert into follow_tb values('ksw004', 'ksw007', 2, 'Y');
insert into follow_tb values('ksw007', 'ksw004', 1, 'Y');
insert into follow_tb values('ksw004', 'ksw008', 1, 'Y');
insert into follow_tb values('ksw008', 'ksw004', 2, 'N');
insert into follow_tb values('ksw004', 'ksw009', 3, 'Y');
insert into follow_tb values('ksw009', 'ksw004', 3, 'Y');
insert into follow_tb values('ksw004', 'ksw010', 2, 'Y');
insert into follow_tb values('ksw010', 'ksw004', 1, 'N');
insert into follow_tb values('ksw004', 'ksw011', 1, 'Y');
insert into follow_tb values('ksw011', 'ksw004', 2, 'N');

insert into follow_tb values('ksw005', 'ksw006', 2, 'Y');
insert into follow_tb values('ksw006', 'ksw005', 1, 'N');
insert into follow_tb values('ksw005', 'ksw007', 2, 'Y');
insert into follow_tb values('ksw007', 'ksw005', 1, 'Y');
insert into follow_tb values('ksw005', 'ksw008', 1, 'Y');
insert into follow_tb values('ksw008', 'ksw005', 2, 'N');
insert into follow_tb values('ksw005', 'ksw009', 3, 'Y');
insert into follow_tb values('ksw009', 'ksw005', 3, 'Y');
insert into follow_tb values('ksw005', 'ksw010', 2, 'Y');
insert into follow_tb values('ksw010', 'ksw005', 1, 'N');
insert into follow_tb values('ksw005', 'ksw011', 1, 'Y');
insert into follow_tb values('ksw011', 'ksw005', 2, 'N');
insert into follow_tb values('ksw005', 'ksw012', 3, 'Y');
insert into follow_tb values('ksw012', 'ksw005', 3, 'Y');

insert into follow_tb values('ksw006', 'ksw007', 2, 'Y');
insert into follow_tb values('ksw007', 'ksw006', 1, 'Y');
insert into follow_tb values('ksw006', 'ksw008', 1, 'Y');
insert into follow_tb values('ksw008', 'ksw006', 2, 'N');
insert into follow_tb values('ksw006', 'ksw009', 2, 'Y');
insert into follow_tb values('ksw009', 'ksw006', 1, 'N');
insert into follow_tb values('ksw006', 'ksw010', 2, 'Y');
insert into follow_tb values('ksw010', 'ksw006', 1, 'N');
insert into follow_tb values('ksw006', 'ksw011', 1, 'Y');
insert into follow_tb values('ksw011', 'ksw006', 2, 'N');
insert into follow_tb values('ksw006', 'ksw012', 3, 'Y');
insert into follow_tb values('ksw012', 'ksw006', 3, 'Y');
insert into follow_tb values('ksw006', 'ksw013', 3, 'Y');
insert into follow_tb values('ksw013', 'ksw006', 3, 'Y');

insert into follow_tb values('ksw007', 'ksw008', 1, 'Y');
insert into follow_tb values('ksw008', 'ksw007', 2, 'N');
insert into follow_tb values('ksw007', 'ksw009', 2, 'Y');
insert into follow_tb values('ksw009', 'ksw007', 1, 'Y');
insert into follow_tb values('ksw007', 'ksw010', 2, 'Y');
insert into follow_tb values('ksw010', 'ksw007', 1, 'N');
insert into follow_tb values('ksw007', 'ksw011', 1, 'Y');
insert into follow_tb values('ksw011', 'ksw007', 2, 'N');
insert into follow_tb values('ksw007', 'ksw012', 3, 'Y');
insert into follow_tb values('ksw012', 'ksw007', 3, 'Y');
insert into follow_tb values('ksw007', 'ksw013', 3, 'Y');
insert into follow_tb values('ksw013', 'ksw007', 3, 'Y');
insert into follow_tb values('ksw007', 'ksw014', 2, 'Y');
insert into follow_tb values('ksw014', 'ksw007', 1, 'N');

insert into follow_tb values('ksw008', 'ksw009', 1, 'Y');
insert into follow_tb values('ksw009', 'ksw008', 2, 'N');
insert into follow_tb values('ksw008', 'ksw010', 2, 'Y');
insert into follow_tb values('ksw010', 'ksw008', 1, 'N');
insert into follow_tb values('ksw008', 'ksw011', 1, 'Y');
insert into follow_tb values('ksw011', 'ksw008', 2, 'N');
insert into follow_tb values('ksw008', 'ksw012', 3, 'Y');
insert into follow_tb values('ksw012', 'ksw008', 3, 'Y');
insert into follow_tb values('ksw008', 'ksw013', 3, 'Y');
insert into follow_tb values('ksw013', 'ksw008', 3, 'Y');
insert into follow_tb values('ksw008', 'ksw014', 2, 'Y');
insert into follow_tb values('ksw014', 'ksw008', 1, 'N');
insert into follow_tb values('ksw008', 'ksw015', 2, 'Y');
insert into follow_tb values('ksw015', 'ksw008', 1, 'Y');

insert into follow_tb values('ksw009', 'ksw010', 2, 'Y');
insert into follow_tb values('ksw010', 'ksw009', 1, 'N');
insert into follow_tb values('ksw009', 'ksw011', 1, 'Y');
insert into follow_tb values('ksw011', 'ksw009', 2, 'N');
insert into follow_tb values('ksw009', 'ksw012', 3, 'Y');
insert into follow_tb values('ksw012', 'ksw009', 3, 'Y');
insert into follow_tb values('ksw009', 'ksw013', 3, 'Y');
insert into follow_tb values('ksw013', 'ksw009', 3, 'Y');
insert into follow_tb values('ksw009', 'ksw014', 2, 'Y');
insert into follow_tb values('ksw014', 'ksw009', 1, 'N');
insert into follow_tb values('ksw009', 'ksw015', 2, 'Y');
insert into follow_tb values('ksw015', 'ksw009', 1, 'Y');
insert into follow_tb values('ksw009', 'ksw016', 1, 'Y');
insert into follow_tb values('ksw016', 'ksw009', 2, 'N');

insert into follow_tb values('ksw010', 'ksw011', 1, 'Y');
insert into follow_tb values('ksw011', 'ksw010', 2, 'N');
insert into follow_tb values('ksw010', 'ksw012', 3, 'Y');
insert into follow_tb values('ksw012', 'ksw010', 3, 'Y');
insert into follow_tb values('ksw010', 'ksw013', 3, 'Y');
insert into follow_tb values('ksw013', 'ksw010', 3, 'Y');
insert into follow_tb values('ksw010', 'ksw014', 2, 'Y');
insert into follow_tb values('ksw014', 'ksw010', 1, 'N');
insert into follow_tb values('ksw010', 'ksw015', 2, 'Y');
insert into follow_tb values('ksw015', 'ksw010', 1, 'Y');
insert into follow_tb values('ksw010', 'ksw016', 1, 'Y');
insert into follow_tb values('ksw016', 'ksw010', 2, 'N');
insert into follow_tb values('ksw010', 'ksw017', 2, 'Y');
insert into follow_tb values('ksw017', 'ksw010', 1, 'N');

insert into follow_tb values('ksw011', 'ksw012', 1, 'Y');
insert into follow_tb values('ksw012', 'ksw011', 2, 'N');
insert into follow_tb values('ksw011', 'ksw013', 2, 'Y');
insert into follow_tb values('ksw013', 'ksw011', 1, 'N');
insert into follow_tb values('ksw011', 'ksw014', 3, 'Y');
insert into follow_tb values('ksw014', 'ksw011', 3, 'Y');
insert into follow_tb values('ksw011', 'ksw015', 3, 'Y');
insert into follow_tb values('ksw015', 'ksw011', 3, 'Y');
insert into follow_tb values('ksw011', 'ksw016', 2, 'Y');
insert into follow_tb values('ksw016', 'ksw011', 1, 'N');
insert into follow_tb values('ksw011', 'ksw017', 2, 'Y');
insert into follow_tb values('ksw017', 'ksw011', 1, 'Y');
insert into follow_tb values('ksw011', 'ksw018', 1, 'Y');
insert into follow_tb values('ksw018', 'ksw011', 2, 'N');

insert into follow_tb values('ksw012', 'ksw013', 3, 'Y');
insert into follow_tb values('ksw013', 'ksw012', 3, 'Y');
insert into follow_tb values('ksw012', 'ksw014', 2, 'Y');
insert into follow_tb values('ksw014', 'ksw012', 1, 'N');
insert into follow_tb values('ksw012', 'ksw015', 3, 'Y');
insert into follow_tb values('ksw015', 'ksw012', 3, 'Y');
insert into follow_tb values('ksw012', 'ksw016', 2, 'Y');
insert into follow_tb values('ksw016', 'ksw012', 1, 'N');
insert into follow_tb values('ksw012', 'ksw017', 2, 'Y');
insert into follow_tb values('ksw017', 'ksw012', 1, 'Y');
insert into follow_tb values('ksw012', 'ksw018', 1, 'Y');
insert into follow_tb values('ksw018', 'ksw012', 2, 'N');
insert into follow_tb values('ksw012', 'ksw019', 1, 'Y');
insert into follow_tb values('ksw019', 'ksw012', 2, 'N');

insert into follow_tb values('ksw013', 'ksw014', 3, 'Y');
insert into follow_tb values('ksw014', 'ksw013', 3, 'Y');
insert into follow_tb values('ksw013', 'ksw015', 3, 'Y');
insert into follow_tb values('ksw015', 'ksw013', 3, 'Y');
insert into follow_tb values('ksw013', 'ksw016', 2, 'Y');
insert into follow_tb values('ksw016', 'ksw013', 1, 'N');
insert into follow_tb values('ksw013', 'ksw017', 2, 'Y');
insert into follow_tb values('ksw017', 'ksw013', 1, 'Y');
insert into follow_tb values('ksw013', 'ksw018', 1, 'Y');
insert into follow_tb values('ksw018', 'ksw013', 2, 'N');
insert into follow_tb values('ksw013', 'ksw019', 1, 'Y');
insert into follow_tb values('ksw019', 'ksw013', 2, 'N');
insert into follow_tb values('ksw013', 'ksw020', 2, 'Y');
insert into follow_tb values('ksw020', 'ksw013', 1, 'N');

insert into follow_tb values('ksw014', 'ksw015', 3, 'Y');
insert into follow_tb values('ksw015', 'ksw014', 3, 'Y');
insert into follow_tb values('ksw014', 'ksw016', 2, 'Y');
insert into follow_tb values('ksw016', 'ksw014', 1, 'N');
insert into follow_tb values('ksw014', 'ksw017', 2, 'Y');
insert into follow_tb values('ksw017', 'ksw014', 1, 'Y');
insert into follow_tb values('ksw014', 'ksw018', 1, 'Y');
insert into follow_tb values('ksw018', 'ksw014', 2, 'N');
insert into follow_tb values('ksw014', 'ksw019', 3, 'Y');
insert into follow_tb values('ksw019', 'ksw014', 3, 'Y');
insert into follow_tb values('ksw014', 'ksw020', 2, 'Y');
insert into follow_tb values('ksw020', 'ksw014', 1, 'N');
insert into follow_tb values('ksw014', 'ksw021', 1, 'Y');
insert into follow_tb values('ksw021', 'ksw014', 2, 'N');

insert into follow_tb values('ksw015', 'ksw016', 2, 'Y');
insert into follow_tb values('ksw016', 'ksw015', 1, 'N');
insert into follow_tb values('ksw015', 'ksw017', 2, 'Y');
insert into follow_tb values('ksw017', 'ksw015', 1, 'Y');
insert into follow_tb values('ksw015', 'ksw018', 1, 'Y');
insert into follow_tb values('ksw018', 'ksw015', 2, 'N');
insert into follow_tb values('ksw015', 'ksw019', 3, 'Y');
insert into follow_tb values('ksw019', 'ksw015', 3, 'Y');
insert into follow_tb values('ksw015', 'ksw020', 2, 'Y');
insert into follow_tb values('ksw020', 'ksw015', 1, 'N');
insert into follow_tb values('ksw015', 'ksw021', 1, 'Y');
insert into follow_tb values('ksw021', 'ksw015', 2, 'N');
insert into follow_tb values('ksw015', 'ksw022', 3, 'Y');
insert into follow_tb values('ksw022', 'ksw015', 3, 'Y');

insert into follow_tb values('ksw016', 'ksw017', 2, 'Y');
insert into follow_tb values('ksw017', 'ksw016', 1, 'Y');
insert into follow_tb values('ksw016', 'ksw018', 1, 'Y');
insert into follow_tb values('ksw018', 'ksw016', 2, 'N');
insert into follow_tb values('ksw016', 'ksw019', 2, 'Y');
insert into follow_tb values('ksw019', 'ksw016', 1, 'N');
insert into follow_tb values('ksw016', 'ksw020', 2, 'Y');
insert into follow_tb values('ksw020', 'ksw016', 1, 'N');
insert into follow_tb values('ksw016', 'ksw021', 1, 'Y');
insert into follow_tb values('ksw021', 'ksw016', 2, 'N');
insert into follow_tb values('ksw016', 'ksw022', 3, 'Y');
insert into follow_tb values('ksw022', 'ksw016', 3, 'Y');
insert into follow_tb values('ksw016', 'ksw023', 3, 'Y');
insert into follow_tb values('ksw023', 'ksw016', 3, 'Y');

insert into follow_tb values('ksw017', 'ksw018', 1, 'Y');
insert into follow_tb values('ksw018', 'ksw017', 2, 'N');
insert into follow_tb values('ksw017', 'ksw019', 2, 'Y');
insert into follow_tb values('ksw019', 'ksw017', 1, 'Y');
insert into follow_tb values('ksw017', 'ksw020', 2, 'Y');
insert into follow_tb values('ksw020', 'ksw017', 1, 'N');
insert into follow_tb values('ksw017', 'ksw021', 1, 'Y');
insert into follow_tb values('ksw021', 'ksw017', 2, 'N');
insert into follow_tb values('ksw017', 'ksw022', 3, 'Y');
insert into follow_tb values('ksw022', 'ksw017', 3, 'Y');
insert into follow_tb values('ksw017', 'ksw023', 3, 'Y');
insert into follow_tb values('ksw023', 'ksw017', 3, 'Y');
insert into follow_tb values('ksw017', 'ksw024', 2, 'Y');
insert into follow_tb values('ksw024', 'ksw017', 1, 'N');

insert into follow_tb values('ksw018', 'ksw019', 1, 'Y');
insert into follow_tb values('ksw019', 'ksw018', 2, 'N');
insert into follow_tb values('ksw018', 'ksw020', 2, 'Y');
insert into follow_tb values('ksw020', 'ksw018', 1, 'N');
insert into follow_tb values('ksw018', 'ksw021', 1, 'Y');
insert into follow_tb values('ksw021', 'ksw018', 2, 'N');
insert into follow_tb values('ksw018', 'ksw022', 3, 'Y');
insert into follow_tb values('ksw022', 'ksw018', 3, 'Y');
insert into follow_tb values('ksw018', 'ksw023', 3, 'Y');
insert into follow_tb values('ksw023', 'ksw018', 3, 'Y');
insert into follow_tb values('ksw018', 'ksw024', 2, 'Y');
insert into follow_tb values('ksw024', 'ksw018', 1, 'N');
insert into follow_tb values('ksw018', 'ksw025', 2, 'Y');
insert into follow_tb values('ksw025', 'ksw018', 1, 'Y');

insert into follow_tb values('ksw019', 'ksw020', 2, 'Y');
insert into follow_tb values('ksw020', 'ksw019', 1, 'N');
insert into follow_tb values('ksw019', 'ksw021', 1, 'Y');
insert into follow_tb values('ksw021', 'ksw019', 2, 'N');
insert into follow_tb values('ksw019', 'ksw022', 3, 'Y');
insert into follow_tb values('ksw022', 'ksw019', 3, 'Y');
insert into follow_tb values('ksw019', 'ksw023', 3, 'Y');
insert into follow_tb values('ksw023', 'ksw019', 3, 'Y');
insert into follow_tb values('ksw019', 'ksw024', 2, 'Y');
insert into follow_tb values('ksw024', 'ksw019', 1, 'N');
insert into follow_tb values('ksw019', 'ksw025', 2, 'Y');
insert into follow_tb values('ksw025', 'ksw019', 1, 'Y');
insert into follow_tb values('ksw019', 'ksw026', 1, 'Y');
insert into follow_tb values('ksw026', 'ksw019', 2, 'N');

insert into follow_tb values('ksw020', 'ksw021', 1, 'Y');
insert into follow_tb values('ksw021', 'ksw020', 2, 'N');
insert into follow_tb values('ksw020', 'ksw022', 3, 'Y');
insert into follow_tb values('ksw022', 'ksw020', 3, 'Y');
insert into follow_tb values('ksw020', 'ksw023', 3, 'Y');
insert into follow_tb values('ksw023', 'ksw020', 3, 'Y');
insert into follow_tb values('ksw020', 'ksw024', 2, 'Y');
insert into follow_tb values('ksw024', 'ksw020', 1, 'N');
insert into follow_tb values('ksw020', 'ksw025', 2, 'Y');
insert into follow_tb values('ksw025', 'ksw020', 1, 'Y');
insert into follow_tb values('ksw020', 'ksw026', 1, 'Y');
insert into follow_tb values('ksw026', 'ksw020', 2, 'N');
insert into follow_tb values('ksw020', 'ksw027', 2, 'Y');
insert into follow_tb values('ksw027', 'ksw020', 1, 'N');

insert into follow_tb values('ksw021', 'ksw022', 1, 'Y');
insert into follow_tb values('ksw022', 'ksw021', 2, 'N');
insert into follow_tb values('ksw021', 'ksw023', 2, 'Y');
insert into follow_tb values('ksw023', 'ksw021', 1, 'N');
insert into follow_tb values('ksw021', 'ksw024', 3, 'Y');
insert into follow_tb values('ksw024', 'ksw021', 3, 'Y');
insert into follow_tb values('ksw021', 'ksw025', 3, 'Y');
insert into follow_tb values('ksw025', 'ksw021', 3, 'Y');
insert into follow_tb values('ksw021', 'ksw026', 2, 'Y');
insert into follow_tb values('ksw026', 'ksw021', 1, 'N');
insert into follow_tb values('ksw021', 'ksw027', 2, 'Y');
insert into follow_tb values('ksw027', 'ksw021', 1, 'Y');
insert into follow_tb values('ksw021', 'ksw028', 1, 'Y');
insert into follow_tb values('ksw028', 'ksw021', 2, 'N');

insert into follow_tb values('ksw022', 'ksw023', 3, 'Y');
insert into follow_tb values('ksw023', 'ksw022', 3, 'Y');
insert into follow_tb values('ksw022', 'ksw024', 2, 'Y');
insert into follow_tb values('ksw024', 'ksw022', 1, 'N');
insert into follow_tb values('ksw022', 'ksw025', 3, 'Y');
insert into follow_tb values('ksw025', 'ksw022', 3, 'Y');
insert into follow_tb values('ksw022', 'ksw026', 2, 'Y');
insert into follow_tb values('ksw026', 'ksw022', 1, 'N');
insert into follow_tb values('ksw022', 'ksw027', 2, 'Y');
insert into follow_tb values('ksw027', 'ksw022', 1, 'Y');
insert into follow_tb values('ksw022', 'ksw028', 1, 'Y');
insert into follow_tb values('ksw028', 'ksw022', 2, 'N');
insert into follow_tb values('ksw022', 'ksw029', 1, 'Y');
insert into follow_tb values('ksw029', 'ksw022', 2, 'N');

insert into follow_tb values('ksw023', 'ksw024', 3, 'Y');
insert into follow_tb values('ksw024', 'ksw023', 3, 'Y');
insert into follow_tb values('ksw023', 'ksw025', 3, 'Y');
insert into follow_tb values('ksw025', 'ksw023', 3, 'Y');
insert into follow_tb values('ksw023', 'ksw026', 2, 'Y');
insert into follow_tb values('ksw026', 'ksw023', 1, 'N');
insert into follow_tb values('ksw023', 'ksw027', 2, 'Y');
insert into follow_tb values('ksw027', 'ksw023', 1, 'Y');
insert into follow_tb values('ksw023', 'ksw028', 1, 'Y');
insert into follow_tb values('ksw028', 'ksw023', 2, 'N');
insert into follow_tb values('ksw023', 'ksw029', 1, 'Y');
insert into follow_tb values('ksw029', 'ksw023', 2, 'N');
insert into follow_tb values('ksw023', 'ksw030', 2, 'Y');
insert into follow_tb values('ksw030', 'ksw023', 1, 'N');

insert into follow_tb values('ksw024', 'ksw025', 3, 'Y');
insert into follow_tb values('ksw025', 'ksw024', 3, 'Y');
insert into follow_tb values('ksw024', 'ksw026', 2, 'Y');
insert into follow_tb values('ksw026', 'ksw024', 1, 'N');
insert into follow_tb values('ksw024', 'ksw027', 2, 'Y');
insert into follow_tb values('ksw027', 'ksw024', 1, 'Y');
insert into follow_tb values('ksw024', 'ksw028', 1, 'Y');
insert into follow_tb values('ksw028', 'ksw024', 2, 'N');
insert into follow_tb values('ksw024', 'ksw029', 3, 'Y');
insert into follow_tb values('ksw029', 'ksw024', 3, 'Y');
insert into follow_tb values('ksw024', 'ksw030', 2, 'Y');
insert into follow_tb values('ksw030', 'ksw024', 1, 'N');
insert into follow_tb values('ksw024', 'ksw001', 1, 'Y');
insert into follow_tb values('ksw001', 'ksw024', 2, 'N');

insert into follow_tb values('ksw025', 'ksw026', 2, 'Y');
insert into follow_tb values('ksw026', 'ksw025', 1, 'N');
insert into follow_tb values('ksw025', 'ksw027', 2, 'Y');
insert into follow_tb values('ksw027', 'ksw025', 1, 'Y');
insert into follow_tb values('ksw025', 'ksw028', 1, 'Y');
insert into follow_tb values('ksw028', 'ksw025', 2, 'N');
insert into follow_tb values('ksw025', 'ksw029', 3, 'Y');
insert into follow_tb values('ksw029', 'ksw025', 3, 'Y');
insert into follow_tb values('ksw025', 'ksw030', 2, 'Y');
insert into follow_tb values('ksw030', 'ksw025', 1, 'N');
insert into follow_tb values('ksw025', 'ksw001', 1, 'Y');
insert into follow_tb values('ksw001', 'ksw025', 2, 'N');
insert into follow_tb values('ksw025', 'ksw002', 3, 'Y');
insert into follow_tb values('ksw002', 'ksw025', 3, 'Y');

insert into follow_tb values('ksw026', 'ksw027', 2, 'Y');
insert into follow_tb values('ksw027', 'ksw026', 1, 'Y');
insert into follow_tb values('ksw026', 'ksw028', 1, 'Y');
insert into follow_tb values('ksw028', 'ksw026', 2, 'N');
insert into follow_tb values('ksw026', 'ksw029', 2, 'Y');
insert into follow_tb values('ksw029', 'ksw026', 1, 'N');
insert into follow_tb values('ksw026', 'ksw030', 2, 'Y');
insert into follow_tb values('ksw030', 'ksw026', 1, 'N');
insert into follow_tb values('ksw026', 'ksw001', 1, 'Y');
insert into follow_tb values('ksw001', 'ksw026', 2, 'N');
insert into follow_tb values('ksw026', 'ksw002', 3, 'Y');
insert into follow_tb values('ksw002', 'ksw026', 3, 'Y');
insert into follow_tb values('ksw026', 'ksw003', 3, 'Y');
insert into follow_tb values('ksw003', 'ksw026', 3, 'Y');

insert into follow_tb values('ksw027', 'ksw028', 1, 'Y');
insert into follow_tb values('ksw028', 'ksw027', 2, 'N');
insert into follow_tb values('ksw027', 'ksw029', 2, 'Y');
insert into follow_tb values('ksw029', 'ksw027', 1, 'Y');
insert into follow_tb values('ksw027', 'ksw030', 2, 'Y');
insert into follow_tb values('ksw030', 'ksw027', 1, 'N');
insert into follow_tb values('ksw027', 'ksw001', 1, 'Y');
insert into follow_tb values('ksw001', 'ksw027', 2, 'N');
insert into follow_tb values('ksw027', 'ksw002', 3, 'Y');
insert into follow_tb values('ksw002', 'ksw027', 3, 'Y');
insert into follow_tb values('ksw027', 'ksw003', 3, 'Y');
insert into follow_tb values('ksw003', 'ksw027', 3, 'Y');
insert into follow_tb values('ksw027', 'ksw004', 2, 'Y');
insert into follow_tb values('ksw004', 'ksw027', 1, 'N');

insert into follow_tb values('ksw028', 'ksw029', 1, 'Y');
insert into follow_tb values('ksw029', 'ksw028', 2, 'N');
insert into follow_tb values('ksw028', 'ksw030', 2, 'Y');
insert into follow_tb values('ksw030', 'ksw028', 1, 'N');
insert into follow_tb values('ksw028', 'ksw001', 1, 'Y');
insert into follow_tb values('ksw001', 'ksw028', 2, 'N');
insert into follow_tb values('ksw028', 'ksw002', 3, 'Y');
insert into follow_tb values('ksw002', 'ksw028', 3, 'Y');
insert into follow_tb values('ksw028', 'ksw003', 3, 'Y');
insert into follow_tb values('ksw003', 'ksw028', 3, 'Y');
insert into follow_tb values('ksw028', 'ksw004', 2, 'Y');
insert into follow_tb values('ksw004', 'ksw028', 1, 'N');
insert into follow_tb values('ksw028', 'ksw005', 2, 'Y');
insert into follow_tb values('ksw005', 'ksw028', 1, 'Y');

insert into follow_tb values('ksw029', 'ksw030', 2, 'Y');
insert into follow_tb values('ksw030', 'ksw029', 1, 'N');
insert into follow_tb values('ksw029', 'ksw001', 1, 'Y');
insert into follow_tb values('ksw001', 'ksw029', 2, 'N');
insert into follow_tb values('ksw029', 'ksw002', 3, 'Y');
insert into follow_tb values('ksw002', 'ksw029', 3, 'Y');
insert into follow_tb values('ksw029', 'ksw003', 3, 'Y');
insert into follow_tb values('ksw003', 'ksw029', 3, 'Y');
insert into follow_tb values('ksw029', 'ksw004', 2, 'Y');
insert into follow_tb values('ksw004', 'ksw029', 1, 'N');
insert into follow_tb values('ksw029', 'ksw005', 2, 'Y');
insert into follow_tb values('ksw005', 'ksw029', 1, 'Y');
insert into follow_tb values('ksw029', 'ksw006', 1, 'Y');
insert into follow_tb values('ksw006', 'ksw029', 2, 'N');

insert into follow_tb values('ksw030', 'ksw001', 1, 'Y');
insert into follow_tb values('ksw001', 'ksw030', 2, 'N');
insert into follow_tb values('ksw030', 'ksw002', 3, 'Y');
insert into follow_tb values('ksw002', 'ksw030', 3, 'Y');
insert into follow_tb values('ksw030', 'ksw003', 3, 'Y');
insert into follow_tb values('ksw003', 'ksw030', 3, 'Y');
insert into follow_tb values('ksw030', 'ksw004', 2, 'Y');
insert into follow_tb values('ksw004', 'ksw030', 1, 'N');
insert into follow_tb values('ksw030', 'ksw005', 2, 'Y');
insert into follow_tb values('ksw005', 'ksw030', 1, 'Y');
insert into follow_tb values('ksw030', 'ksw006', 1, 'Y');
insert into follow_tb values('ksw006', 'ksw030', 2, 'N');
insert into follow_tb values('ksw030', 'ksw007', 2, 'Y');
insert into follow_tb values('ksw007', 'ksw030', 1, 'N');

COMMIT;